time,solar_power
2023-03-01 00:00:00+00:00,0.0
2023-03-01 01:00:00+00:00,0.0
2023-03-01 02:00:00+00:00,0.0
2023-03-01 03:00:00+00:00,0.0
2023-03-01 04:00:00+00:00,0.0
2023-03-01 05:00:00+00:00,0.0
2023-03-01 06:00:00+00:00,0.1303
2023-03-01 07:00:00+00:00,178.10478333333333
2023-03-01 08:00:00+00:00,459.5788
2023-03-01 09:00:00+00:00,1338.48295
2023-03-01 10:00:00+00:00,2685.3779333333337
2023-03-01 11:00:00+00:00,1223.6363833333335
2023-03-01 12:00:00+00:00,1949.5493770491803
2023-03-01 13:00:00+00:00,2396.7532166666665
2023-03-01 14:00:00+00:00,1436.20955
2023-03-01 15:00:00+00:00,590.1461666666667
2023-03-01 16:00:00+00:00,432.89771666666667
2023-03-01 17:00:00+00:00,51.053133333333335
2023-03-01 18:00:00+00:00,0.0
2023-03-01 19:00:00+00:00,0.0
2023-03-01 20:00:00+00:00,0.0
2023-03-01 21:00:00+00:00,0.0
2023-03-01 22:00:00+00:00,0.0
2023-03-01 23:00:00+00:00,0.0
2023-03-02 00:00:00+00:00,0.0
2023-03-02 01:00:00+00:00,0.0
2023-03-02 02:00:00+00:00,0.0
2023-03-02 03:00:00+00:00,0.0
2023-03-02 04:00:00+00:00,0.0
2023-03-02 05:00:00+00:00,0.0
2023-03-02 06:00:00+00:00,1.1967333333333334
2023-03-02 07:00:00+00:00,296.1807
2023-03-02 08:00:00+00:00,1191.3767
2023-03-02 09:00:00+00:00,3737.6818
2023-03-02 10:00:00+00:00,4583.114216666667
2023-03-02 11:00:00+00:00,3516.1965333333333
2023-03-02 12:00:00+00:00,6131.5201
2023-03-02 13:00:00+00:00,6622.7673
2023-03-02 14:00:00+00:00,5676.626566666667
2023-03-02 15:00:00+00:00,3864.754416666666
2023-03-02 16:00:00+00:00,1662.4018333333333
2023-03-02 17:00:00+00:00,102.95616666666666
2023-03-02 18:00:00+00:00,0.0
2023-03-02 19:00:00+00:00,0.0
2023-03-02 20:00:00+00:00,0.0
2023-03-02 21:00:00+00:00,0.0
2023-03-02 22:00:00+00:00,0.0
2023-03-02 23:00:00+00:00,0.0
2023-03-03 00:00:00+00:00,0.0
2023-03-03 01:00:00+00:00,0.0
2023-03-03 02:00:00+00:00,0.0
2023-03-03 03:00:00+00:00,0.0
2023-03-03 04:00:00+00:00,0.0
2023-03-03 05:00:00+00:00,0.0
2023-03-03 06:00:00+00:00,0.0
2023-03-03 07:00:00+00:00,134.94336666666666
2023-03-03 08:00:00+00:00,1242.0405666666666
2023-03-03 09:00:00+00:00,823.8032000000001
2023-03-03 10:00:00+00:00,1447.2735333333333
2023-03-03 11:00:00+00:00,1164.8790166666665
2023-03-03 12:00:00+00:00,2792.9300166666667
2023-03-03 13:00:00+00:00,1046.03495
2023-03-03 14:00:00+00:00,446.8027049180328
2023-03-03 15:00:00+00:00,717.43665
2023-03-03 16:00:00+00:00,157.37921666666668
2023-03-03 17:00:00+00:00,15.5133
2023-03-03 18:00:00+00:00,0.0
2023-03-03 19:00:00+00:00,0.0
2023-03-03 20:00:00+00:00,0.0
2023-03-03 21:00:00+00:00,0.0
2023-03-03 22:00:00+00:00,0.0
2023-03-03 23:00:00+00:00,0.0
2023-03-04 00:00:00+00:00,0.0
2023-03-04 01:00:00+00:00,0.0
2023-03-04 02:00:00+00:00,0.0
2023-03-04 03:00:00+00:00,0.0
2023-03-04 04:00:00+00:00,0.0
2023-03-04 05:00:00+00:00,0.0
2023-03-04 06:00:00+00:00,0.0
2023-03-04 07:00:00+00:00,108.07593442622951
2023-03-04 08:00:00+00:00,619.6977333333333
2023-03-04 09:00:00+00:00,2130.8517333333334
2023-03-04 10:00:00+00:00,1598.1258
2023-03-04 11:00:00+00:00,1087.83915
2023-03-04 12:00:00+00:00,1573.5531
2023-03-04 13:00:00+00:00,923.3591
2023-03-04 14:00:00+00:00,601.0919833333334
2023-03-04 15:00:00+00:00,461.9076833333333
2023-03-04 16:00:00+00:00,218.88225
2023-03-04 17:00:00+00:00,7.381066666666666
2023-03-04 18:00:00+00:00,0.0
2023-03-04 19:00:00+00:00,0.0
2023-03-04 20:00:00+00:00,0.0
2023-03-04 21:00:00+00:00,0.0
2023-03-04 22:00:00+00:00,0.0
2023-03-04 23:00:00+00:00,0.0
2023-03-05 00:00:00+00:00,0.0
2023-03-05 01:00:00+00:00,0.0
2023-03-05 02:00:00+00:00,0.0
2023-03-05 03:00:00+00:00,0.0
2023-03-05 04:00:00+00:00,0.0
2023-03-05 05:00:00+00:00,0.0
2023-03-05 06:00:00+00:00,0.0
2023-03-05 07:00:00+00:00,138.90741666666665
2023-03-05 08:00:00+00:00,551.2365000000001
2023-03-05 09:00:00+00:00,1137.87745
2023-03-05 10:00:00+00:00,1698.5103000000001
2023-03-05 11:00:00+00:00,2786.9615166666667
2023-03-05 12:00:00+00:00,2330.53735
2023-03-05 13:00:00+00:00,1220.5737333333334
2023-03-05 14:00:00+00:00,1092.3491
2023-03-05 15:00:00+00:00,508.8558333333333
2023-03-05 16:00:00+00:00,215.4970655737705
2023-03-05 17:00:00+00:00,45.78648333333333
2023-03-05 18:00:00+00:00,0.0
2023-03-05 19:00:00+00:00,0.0
2023-03-05 20:00:00+00:00,0.0
2023-03-05 21:00:00+00:00,0.0
2023-03-05 22:00:00+00:00,0.0
2023-03-05 23:00:00+00:00,0.0
2023-03-06 00:00:00+00:00,0.0
2023-03-06 01:00:00+00:00,0.0
2023-03-06 02:00:00+00:00,0.0
2023-03-06 03:00:00+00:00,0.0
2023-03-06 04:00:00+00:00,0.0
2023-03-06 05:00:00+00:00,0.0
2023-03-06 06:00:00+00:00,43.78038333333333
2023-03-06 07:00:00+00:00,1088.3616166666666
2023-03-06 08:00:00+00:00,795.8077
2023-03-06 09:00:00+00:00,892.4102786885246
2023-03-06 10:00:00+00:00,2651.169966666667
2023-03-06 11:00:00+00:00,1901.15695
2023-03-06 12:00:00+00:00,1540.3142166666667
2023-03-06 13:00:00+00:00,1694.0523333333333
2023-03-06 14:00:00+00:00,720.8362333333333
2023-03-06 15:00:00+00:00,276.0051666666667
2023-03-06 16:00:00+00:00,147.85356666666667
2023-03-06 17:00:00+00:00,14.424283333333333
2023-03-06 18:00:00+00:00,0.0
2023-03-06 19:00:00+00:00,0.0
2023-03-06 20:00:00+00:00,0.0
2023-03-06 21:00:00+00:00,0.0
2023-03-06 22:00:00+00:00,0.0
2023-03-06 23:00:00+00:00,0.0
2023-03-07 00:00:00+00:00,0.0
2023-03-07 01:00:00+00:00,0.0
2023-03-07 02:00:00+00:00,0.0
2023-03-07 03:00:00+00:00,0.0
2023-03-07 04:00:00+00:00,0.0
2023-03-07 05:00:00+00:00,0.0
2023-03-07 06:00:00+00:00,3.88985
2023-03-07 07:00:00+00:00,281.34306666666663
2023-03-07 08:00:00+00:00,1026.4073666666668
2023-03-07 09:00:00+00:00,1902.4471
2023-03-07 10:00:00+00:00,2165.1860666666666
2023-03-07 11:00:00+00:00,1928.7585166666665
2023-03-07 12:00:00+00:00,1582.6299464285714
2023-03-07 13:00:00+00:00,1493.1176
2023-03-07 14:00:00+00:00,1300.3379333333332
2023-03-07 15:00:00+00:00,1288.0119833333333
2023-03-07 16:00:00+00:00,382.38259999999997
2023-03-07 17:00:00+00:00,21.592283333333334
2023-03-07 18:00:00+00:00,0.0
2023-03-07 19:00:00+00:00,0.0
2023-03-07 20:00:00+00:00,0.0
2023-03-07 21:00:00+00:00,0.0
2023-03-07 22:00:00+00:00,0.0
2023-03-07 23:00:00+00:00,0.0
2023-03-08 00:00:00+00:00,0.0
2023-03-08 01:00:00+00:00,0.0
2023-03-08 02:00:00+00:00,0.0
2023-03-08 03:00:00+00:00,0.0
2023-03-08 04:00:00+00:00,0.0
2023-03-08 05:00:00+00:00,0.0
2023-03-08 06:00:00+00:00,0.0
2023-03-08 07:00:00+00:00,0.0
2023-03-08 08:00:00+00:00,0.0
2023-03-08 09:00:00+00:00,0.0
2023-03-08 10:00:00+00:00,4.036133333333334
2023-03-08 11:00:00+00:00,3.1101475409836064
2023-03-08 12:00:00+00:00,1.65215
2023-03-08 13:00:00+00:00,4.194333333333334
2023-03-08 14:00:00+00:00,4.457016666666666
2023-03-08 15:00:00+00:00,0.5996166666666666
2023-03-08 16:00:00+00:00,0.0
2023-03-08 17:00:00+00:00,0.0
2023-03-08 18:00:00+00:00,0.0
2023-03-08 19:00:00+00:00,0.0
2023-03-08 20:00:00+00:00,0.0
2023-03-08 21:00:00+00:00,0.0
2023-03-08 22:00:00+00:00,0.0
2023-03-08 23:00:00+00:00,0.0
2023-03-09 00:00:00+00:00,0.0
2023-03-09 01:00:00+00:00,0.0
2023-03-09 02:00:00+00:00,0.0
2023-03-09 03:00:00+00:00,0.0
2023-03-09 04:00:00+00:00,0.0
2023-03-09 05:00:00+00:00,0.0
2023-03-09 06:00:00+00:00,0.0
2023-03-09 07:00:00+00:00,38.76121666666667
2023-03-09 08:00:00+00:00,257.68891666666667
2023-03-09 09:00:00+00:00,496.0197
2023-03-09 10:00:00+00:00,842.6235333333333
2023-03-09 11:00:00+00:00,1011.75815
2023-03-09 12:00:00+00:00,906.4998333333333
2023-03-09 13:00:00+00:00,466.45799999999997
2023-03-09 14:00:00+00:00,420.33655
2023-03-09 15:00:00+00:00,830.9345666666667
2023-03-09 16:00:00+00:00,287.22766666666666
2023-03-09 17:00:00+00:00,7.3055666666666665
2023-03-09 18:00:00+00:00,0.0
2023-03-09 19:00:00+00:00,0.0
2023-03-09 20:00:00+00:00,0.0
2023-03-09 21:00:00+00:00,0.0
2023-03-09 22:00:00+00:00,0.0
2023-03-09 23:00:00+00:00,0.0
2023-03-10 00:00:00+00:00,0.0
2023-03-10 01:00:00+00:00,0.0
2023-03-10 02:00:00+00:00,0.0
2023-03-10 03:00:00+00:00,0.0
2023-03-10 04:00:00+00:00,0.0
2023-03-10 05:00:00+00:00,0.0
2023-03-10 06:00:00+00:00,1.3200666666666667
2023-03-10 07:00:00+00:00,119.38788135593221
2023-03-10 08:00:00+00:00,425.9426833333334
2023-03-10 09:00:00+00:00,887.5842166666666
2023-03-10 10:00:00+00:00,1271.34085
2023-03-10 11:00:00+00:00,2943.2829666666667
2023-03-10 12:00:00+00:00,1085.7885166666667
2023-03-10 13:00:00+00:00,1342.7181639344262
2023-03-10 14:00:00+00:00,2124.0705
2023-03-10 15:00:00+00:00,2348.4178
2023-03-10 16:00:00+00:00,968.42755
2023-03-10 17:00:00+00:00,171.62955
2023-03-10 18:00:00+00:00,0.0
2023-03-10 19:00:00+00:00,0.0
2023-03-10 20:00:00+00:00,0.0
2023-03-10 21:00:00+00:00,0.0
2023-03-10 22:00:00+00:00,0.0
2023-03-10 23:00:00+00:00,0.0
2023-03-11 00:00:00+00:00,0.0
2023-03-11 01:00:00+00:00,0.0
2023-03-11 02:00:00+00:00,0.0
2023-03-11 03:00:00+00:00,0.0
2023-03-11 04:00:00+00:00,0.0
2023-03-11 05:00:00+00:00,0.0
2023-03-11 06:00:00+00:00,25.523459016393442
2023-03-11 07:00:00+00:00,528.7891999999999
2023-03-11 08:00:00+00:00,2092.19945
2023-03-11 09:00:00+00:00,4969.9042
2023-03-11 10:00:00+00:00,5777.5653
2023-03-11 11:00:00+00:00,8311.440883333333
2023-03-11 12:00:00+00:00,7229.488966666667
2023-03-11 13:00:00+00:00,5438.570333333333
2023-03-11 14:00:00+00:00,3184.5142
2023-03-11 15:00:00+00:00,2723.824383333333
2023-03-11 16:00:00+00:00,851.9457
2023-03-11 17:00:00+00:00,47.72186666666666
2023-03-11 18:00:00+00:00,0.0
2023-03-11 19:00:00+00:00,0.0
2023-03-11 20:00:00+00:00,0.0
2023-03-11 21:00:00+00:00,0.0
2023-03-11 22:00:00+00:00,0.0
2023-03-11 23:00:00+00:00,0.0
2023-03-12 00:00:00+00:00,0.0
2023-03-12 01:00:00+00:00,0.0
2023-03-12 02:00:00+00:00,0.0
2023-03-12 03:00:00+00:00,0.0
2023-03-12 04:00:00+00:00,0.0
2023-03-12 05:00:00+00:00,0.0
2023-03-12 06:00:00+00:00,152.80031666666667
2023-03-12 07:00:00+00:00,1498.8494166666667
2023-03-12 08:00:00+00:00,2970.1696833333335
2023-03-12 09:00:00+00:00,2877.8897500000003
2023-03-12 10:00:00+00:00,2579.3409166666665
2023-03-12 11:00:00+00:00,3638.8518166666668
2023-03-12 12:00:00+00:00,3826.3543166666664
2023-03-12 13:00:00+00:00,2668.4568999999997
2023-03-12 14:00:00+00:00,1147.5827833333335
2023-03-12 15:00:00+00:00,450.26386885245904
2023-03-12 16:00:00+00:00,192.32658333333333
2023-03-12 17:00:00+00:00,37.042966666666665
2023-03-12 18:00:00+00:00,0.0
2023-03-12 19:00:00+00:00,0.0
2023-03-12 20:00:00+00:00,0.0
2023-03-12 21:00:00+00:00,0.0
2023-03-12 22:00:00+00:00,0.0
2023-03-12 23:00:00+00:00,0.0
2023-03-13 00:00:00+00:00,0.0
2023-03-13 01:00:00+00:00,0.0
2023-03-13 02:00:00+00:00,0.0
2023-03-13 03:00:00+00:00,0.0
2023-03-13 04:00:00+00:00,0.0
2023-03-13 05:00:00+00:00,0.0
2023-03-13 06:00:00+00:00,14.896666666666667
2023-03-13 07:00:00+00:00,297.88395
2023-03-13 08:00:00+00:00,786.9533606557377
2023-03-13 09:00:00+00:00,1664.9340333333334
2023-03-13 10:00:00+00:00,2356.3694499999997
2023-03-13 11:00:00+00:00,2795.0532166666667
2023-03-13 12:00:00+00:00,2721.7556666666665
2023-03-13 13:00:00+00:00,3829.0956333333334
2023-03-13 14:00:00+00:00,2686.50805
2023-03-13 15:00:00+00:00,2438.880633333333
2023-03-13 16:00:00+00:00,1578.98675
2023-03-13 17:00:00+00:00,176.75323333333333
2023-03-13 18:00:00+00:00,0.0
2023-03-13 19:00:00+00:00,0.0
2023-03-13 20:00:00+00:00,0.0
2023-03-13 21:00:00+00:00,0.0
2023-03-13 22:00:00+00:00,0.0
2023-03-13 23:00:00+00:00,0.0
2023-03-14 00:00:00+00:00,0.0
2023-03-14 01:00:00+00:00,0.0
2023-03-14 02:00:00+00:00,0.0
2023-03-14 03:00:00+00:00,0.0
2023-03-14 04:00:00+00:00,0.0
2023-03-14 05:00:00+00:00,0.0
2023-03-14 06:00:00+00:00,195.49858333333336
2023-03-14 07:00:00+00:00,866.5242833333334
2023-03-14 08:00:00+00:00,765.3506333333333
2023-03-14 09:00:00+00:00,1026.4132
2023-03-14 10:00:00+00:00,1480.8086166666665
2023-03-14 11:00:00+00:00,4177.642216666666
2023-03-14 12:00:00+00:00,5807.545383333333
2023-03-14 13:00:00+00:00,5497.431816666666
2023-03-14 14:00:00+00:00,2849.81635
2023-03-14 15:00:00+00:00,4458.0169166666665
2023-03-14 16:00:00+00:00,2135.05465
2023-03-14 17:00:00+00:00,326.7292131147541
2023-03-14 18:00:00+00:00,0.0
2023-03-14 19:00:00+00:00,0.0
2023-03-14 20:00:00+00:00,0.0
2023-03-14 21:00:00+00:00,0.0
2023-03-14 22:00:00+00:00,0.0
2023-03-14 23:00:00+00:00,0.0
2023-03-15 00:00:00+00:00,0.0
2023-03-15 01:00:00+00:00,0.0
2023-03-15 02:00:00+00:00,0.0
2023-03-15 03:00:00+00:00,0.0
2023-03-15 04:00:00+00:00,0.0
2023-03-15 05:00:00+00:00,0.0
2023-03-15 06:00:00+00:00,409.6975
2023-03-15 07:00:00+00:00,2388.53905
2023-03-15 08:00:00+00:00,4437.413233333334
2023-03-15 09:00:00+00:00,6070.2276833333335
2023-03-15 10:00:00+00:00,6418.559508196721
2023-03-15 11:00:00+00:00,4366.208516666667
2023-03-15 12:00:00+00:00,4169.759566666667
2023-03-15 13:00:00+00:00,2745.853066666667
2023-03-15 14:00:00+00:00,1876.4479
2023-03-15 15:00:00+00:00,1241.8570499999998
2023-03-15 16:00:00+00:00,604.8747000000001
2023-03-15 17:00:00+00:00,85.76715
2023-03-15 18:00:00+00:00,0.0
2023-03-15 19:00:00+00:00,0.0
2023-03-15 20:00:00+00:00,0.0
2023-03-15 21:00:00+00:00,0.0
2023-03-15 22:00:00+00:00,0.0
2023-03-15 23:00:00+00:00,0.0
2023-03-16 00:00:00+00:00,0.0
2023-03-16 01:00:00+00:00,0.0
2023-03-16 02:00:00+00:00,0.0
2023-03-16 03:00:00+00:00,0.0
2023-03-16 04:00:00+00:00,0.0
2023-03-16 05:00:00+00:00,0.0
2023-03-16 06:00:00+00:00,15.805933333333334
2023-03-16 07:00:00+00:00,282.7599833333333
2023-03-16 08:00:00+00:00,321.3253666666667
2023-03-16 09:00:00+00:00,606.31215
2023-03-16 10:00:00+00:00,3626.7806666666665
2023-03-16 11:00:00+00:00,3978.0857666666666
2023-03-16 12:00:00+00:00,2850.8273666666664
2023-03-16 13:00:00+00:00,2899.3360166666666
2023-03-16 14:00:00+00:00,4305.265916666666
2023-03-16 15:00:00+00:00,2643.295
2023-03-16 16:00:00+00:00,1082.3439
2023-03-16 17:00:00+00:00,258.4314166666667
2023-03-16 18:00:00+00:00,0.0
2023-03-16 19:00:00+00:00,0.0
2023-03-16 20:00:00+00:00,0.0
2023-03-16 21:00:00+00:00,0.0
2023-03-16 22:00:00+00:00,0.0
2023-03-16 23:00:00+00:00,0.0
2023-03-17 00:00:00+00:00,0.0
2023-03-17 01:00:00+00:00,0.0
2023-03-17 02:00:00+00:00,0.0
2023-03-17 03:00:00+00:00,0.0
2023-03-17 04:00:00+00:00,0.0
2023-03-17 05:00:00+00:00,0.0
2023-03-17 06:00:00+00:00,4.935599999999999
2023-03-17 07:00:00+00:00,18.05998333333333
2023-03-17 08:00:00+00:00,129.63825
2023-03-17 09:00:00+00:00,248.90273333333334
2023-03-17 10:00:00+00:00,716.72585
2023-03-17 11:00:00+00:00,1204.1817833333334
2023-03-17 12:00:00+00:00,205.21455737704918
2023-03-17 13:00:00+00:00,754.4550166666667
2023-03-17 14:00:00+00:00,1131.8356666666666
2023-03-17 15:00:00+00:00,1360.0423999999998
2023-03-17 16:00:00+00:00,872.6065500000001
2023-03-17 17:00:00+00:00,250.63863333333333
2023-03-17 18:00:00+00:00,0.0
2023-03-17 19:00:00+00:00,0.0
2023-03-17 20:00:00+00:00,0.0
2023-03-17 21:00:00+00:00,0.0
2023-03-17 22:00:00+00:00,0.0
2023-03-17 23:00:00+00:00,0.0
2023-03-18 00:00:00+00:00,0.0
2023-03-18 01:00:00+00:00,0.0
2023-03-18 02:00:00+00:00,0.0
2023-03-18 03:00:00+00:00,0.0
2023-03-18 04:00:00+00:00,0.0
2023-03-18 05:00:00+00:00,0.0
2023-03-18 06:00:00+00:00,91.62288333333332
2023-03-18 07:00:00+00:00,185.18233333333333
2023-03-18 08:00:00+00:00,719.6524333333333
2023-03-18 09:00:00+00:00,605.6354666666666
2023-03-18 10:00:00+00:00,564.7828333333333
2023-03-18 11:00:00+00:00,1172.3396500000001
2023-03-18 12:00:00+00:00,1635.1693833333334
2023-03-18 13:00:00+00:00,2502.279
2023-03-18 14:00:00+00:00,1551.4277833333333
2023-03-18 15:00:00+00:00,1776.6798333333334
2023-03-18 16:00:00+00:00,1489.8143833333334
2023-03-18 17:00:00+00:00,165.13835
2023-03-18 18:00:00+00:00,0.03181666666666667
2023-03-18 19:00:00+00:00,0.0
2023-03-18 20:00:00+00:00,0.0
2023-03-18 21:00:00+00:00,0.0
2023-03-18 22:00:00+00:00,0.0
2023-03-18 23:00:00+00:00,0.0
2023-03-19 00:00:00+00:00,0.0
2023-03-19 01:00:00+00:00,0.0
2023-03-19 02:00:00+00:00,0.0
2023-03-19 03:00:00+00:00,0.0
2023-03-19 04:00:00+00:00,0.0
2023-03-19 05:00:00+00:00,0.0
2023-03-19 06:00:00+00:00,273.85319999999996
2023-03-19 07:00:00+00:00,1247.0252666666668
2023-03-19 08:00:00+00:00,2711.761116666667
2023-03-19 09:00:00+00:00,2394.697983333333
2023-03-19 10:00:00+00:00,5114.24045
2023-03-19 11:00:00+00:00,3939.901766666667
2023-03-19 12:00:00+00:00,2714.4141186440675
2023-03-19 13:00:00+00:00,1940.8884666666668
2023-03-19 14:00:00+00:00,2021.9907868852458
2023-03-19 15:00:00+00:00,1311.4302666666667
2023-03-19 16:00:00+00:00,1251.8283999999999
2023-03-19 17:00:00+00:00,174.50381666666667
2023-03-19 18:00:00+00:00,0.0
2023-03-19 19:00:00+00:00,0.0
2023-03-19 20:00:00+00:00,0.0
2023-03-19 21:00:00+00:00,0.0
2023-03-19 22:00:00+00:00,0.0
2023-03-19 23:00:00+00:00,0.0
2023-03-20 00:00:00+00:00,0.0
2023-03-20 01:00:00+00:00,0.0
2023-03-20 02:00:00+00:00,0.0
2023-03-20 03:00:00+00:00,0.0
2023-03-20 04:00:00+00:00,0.0
2023-03-20 05:00:00+00:00,0.0
2023-03-20 06:00:00+00:00,78.96452459016393
2023-03-20 07:00:00+00:00,241.3355
2023-03-20 08:00:00+00:00,454.7413666666667
2023-03-20 09:00:00+00:00,657.8080000000001
2023-03-20 10:00:00+00:00,998.5418333333333
2023-03-20 11:00:00+00:00,960.6399833333332
2023-03-20 12:00:00+00:00,841.0772833333334
2023-03-20 13:00:00+00:00,557.8614333333334
2023-03-20 14:00:00+00:00,387.15141666666665
2023-03-20 15:00:00+00:00,450.9754166666666
2023-03-20 16:00:00+00:00,254.11921666666666
2023-03-20 17:00:00+00:00,91.94806666666666
2023-03-20 18:00:00+00:00,0.0
2023-03-20 19:00:00+00:00,0.0
2023-03-20 20:00:00+00:00,0.0
2023-03-20 21:00:00+00:00,0.0
2023-03-20 22:00:00+00:00,0.0
2023-03-20 23:00:00+00:00,0.0
2023-03-21 00:00:00+00:00,0.0
2023-03-21 01:00:00+00:00,0.0
2023-03-21 02:00:00+00:00,0.0
2023-03-21 03:00:00+00:00,0.0
2023-03-21 04:00:00+00:00,0.0
2023-03-21 05:00:00+00:00,0.0
2023-03-21 06:00:00+00:00,15.9258
2023-03-21 07:00:00+00:00,192.19816666666665
2023-03-21 08:00:00+00:00,439.3879666666666
2023-03-21 09:00:00+00:00,1260.1605333333332
2023-03-21 10:00:00+00:00,1322.1452833333335
2023-03-21 11:00:00+00:00,1264.1262333333334
2023-03-21 12:00:00+00:00,1290.1151666666667
2023-03-21 13:00:00+00:00,1143.1381666666666
2023-03-21 14:00:00+00:00,1195.75955
2023-03-21 15:00:00+00:00,1212.2644666666667
2023-03-21 16:00:00+00:00,1204.564918032787
2023-03-21 17:00:00+00:00,556.3401333333334
2023-03-21 18:00:00+00:00,1.2083333333333333
2023-03-21 19:00:00+00:00,0.0
2023-03-21 20:00:00+00:00,0.0
2023-03-21 21:00:00+00:00,0.0
2023-03-21 22:00:00+00:00,0.0
2023-03-21 23:00:00+00:00,0.0
2023-03-22 00:00:00+00:00,0.0
2023-03-22 01:00:00+00:00,0.0
2023-03-22 02:00:00+00:00,0.0
2023-03-22 03:00:00+00:00,0.0
2023-03-22 04:00:00+00:00,0.0
2023-03-22 05:00:00+00:00,0.0
2023-03-22 06:00:00+00:00,2.3510333333333335
2023-03-22 07:00:00+00:00,143.94983333333332
2023-03-22 08:00:00+00:00,263.11026229508195
2023-03-22 09:00:00+00:00,481.1317833333333
2023-03-22 10:00:00+00:00,741.4882666666667
2023-03-22 11:00:00+00:00,869.85825
2023-03-22 12:00:00+00:00,1140.1288666666667
2023-03-22 13:00:00+00:00,1139.8334833333333
2023-03-22 14:00:00+00:00,968.5641333333333
2023-03-22 15:00:00+00:00,682.2811833333333
2023-03-22 16:00:00+00:00,420.2736833333333
2023-03-22 17:00:00+00:00,187.19146666666666
2023-03-22 18:00:00+00:00,0.0
2023-03-22 19:00:00+00:00,0.0
2023-03-22 20:00:00+00:00,0.0
2023-03-22 21:00:00+00:00,0.0
2023-03-22 22:00:00+00:00,0.0
2023-03-22 23:00:00+00:00,0.0
2023-03-23 00:00:00+00:00,0.0
2023-03-23 01:00:00+00:00,0.0
2023-03-23 02:00:00+00:00,0.0
2023-03-23 03:00:00+00:00,0.0
2023-03-23 04:00:00+00:00,0.0
2023-03-23 05:00:00+00:00,0.0
2023-03-23 06:00:00+00:00,495.05368333333337
2023-03-23 07:00:00+00:00,941.3717166666667
2023-03-23 08:00:00+00:00,1588.0246166666666
2023-03-23 09:00:00+00:00,2600.1102499999997
2023-03-23 10:00:00+00:00,3095.7042166666665
2023-03-23 11:00:00+00:00,2089.3276
2023-03-23 12:00:00+00:00,2922.978666666667
2023-03-23 13:00:00+00:00,4432.8332833333325
2023-03-23 14:00:00+00:00,1628.4271666666668
2023-03-23 15:00:00+00:00,528.3680833333333
2023-03-23 16:00:00+00:00,225.22719999999998
2023-03-23 17:00:00+00:00,60.97991666666667
2023-03-23 18:00:00+00:00,0.0
2023-03-23 19:00:00+00:00,0.0
2023-03-23 20:00:00+00:00,0.0
2023-03-23 21:00:00+00:00,0.0
2023-03-23 22:00:00+00:00,0.0
2023-03-23 23:00:00+00:00,0.0
2023-03-24 00:00:00+00:00,0.0
2023-03-24 01:00:00+00:00,0.0
2023-03-24 02:00:00+00:00,0.0
2023-03-24 03:00:00+00:00,0.0
2023-03-24 04:00:00+00:00,0.0
2023-03-24 05:00:00+00:00,0.0
2023-03-24 06:00:00+00:00,583.7738333333333
2023-03-24 07:00:00+00:00,1812.8183999999999
2023-03-24 08:00:00+00:00,2256.9940666666666
2023-03-24 09:00:00+00:00,3559.69885
2023-03-24 10:00:00+00:00,6206.870573770491
2023-03-24 11:00:00+00:00,6778.021683333333
2023-03-24 12:00:00+00:00,5368.077166666667
2023-03-24 13:00:00+00:00,5150.749716666667
2023-03-24 14:00:00+00:00,4909.151366666667
2023-03-24 15:00:00+00:00,3161.4197333333336
2023-03-24 16:00:00+00:00,1809.4942
2023-03-24 17:00:00+00:00,470.9498666666667
2023-03-24 18:00:00+00:00,1.8530166666666665
2023-03-24 19:00:00+00:00,0.0
2023-03-24 20:00:00+00:00,0.0
2023-03-24 21:00:00+00:00,0.0
2023-03-24 22:00:00+00:00,0.0
2023-03-24 23:00:00+00:00,0.0
2023-03-25 00:00:00+00:00,0.0
2023-03-25 01:00:00+00:00,0.0
2023-03-25 02:00:00+00:00,0.0
2023-03-25 03:00:00+00:00,0.0
2023-03-25 04:00:00+00:00,0.0
2023-03-25 05:00:00+00:00,0.0
2023-03-25 06:00:00+00:00,393.37985000000003
2023-03-25 07:00:00+00:00,1175.9564500000001
2023-03-25 08:00:00+00:00,1512.1961666666668
2023-03-25 09:00:00+00:00,1765.3484500000002
2023-03-25 10:00:00+00:00,3902.5625833333334
2023-03-25 11:00:00+00:00,3676.3895666666667
2023-03-25 12:00:00+00:00,3253.08795
2023-03-25 13:00:00+00:00,5003.724266666667
2023-03-25 14:00:00+00:00,6117.680466666667
2023-03-25 15:00:00+00:00,3036.9813333333336
2023-03-25 16:00:00+00:00,1210.8862666666669
2023-03-25 17:00:00+00:00,364.40835
2023-03-25 18:00:00+00:00,9.864633333333334
2023-03-25 19:00:00+00:00,0.0
2023-03-25 20:00:00+00:00,0.0
2023-03-25 21:00:00+00:00,0.0
2023-03-25 22:00:00+00:00,0.0
2023-03-25 23:00:00+00:00,0.0
2023-03-26 00:00:00+00:00,0.0
2023-03-26 01:00:00+00:00,0.0
2023-03-26 02:00:00+00:00,0.0
2023-03-26 03:00:00+00:00,0.0
2023-03-26 04:00:00+00:00,0.0
2023-03-26 05:00:00+00:00,0.0
2023-03-26 06:00:00+00:00,17.5669
2023-03-26 07:00:00+00:00,211.3237
2023-03-26 08:00:00+00:00,707.8145000000001
2023-03-26 09:00:00+00:00,1042.0465666666666
2023-03-26 10:00:00+00:00,813.8928
2023-03-26 11:00:00+00:00,1531.7302666666667
2023-03-26 12:00:00+00:00,1264.8855409836065
2023-03-26 13:00:00+00:00,914.8650333333334
2023-03-26 14:00:00+00:00,700.1899
2023-03-26 15:00:00+00:00,523.9255333333333
2023-03-26 16:00:00+00:00,509.19693333333333
2023-03-26 17:00:00+00:00,89.45006666666667
2023-03-26 18:00:00+00:00,0.0
2023-03-26 19:00:00+00:00,0.0
2023-03-26 20:00:00+00:00,0.0
2023-03-26 21:00:00+00:00,0.0
2023-03-26 22:00:00+00:00,0.0
2023-03-26 23:00:00+00:00,0.0
2023-03-27 00:00:00+00:00,0.0
2023-03-27 01:00:00+00:00,0.0
2023-03-27 02:00:00+00:00,0.0
2023-03-27 03:00:00+00:00,0.0
2023-03-27 04:00:00+00:00,0.0
2023-03-27 05:00:00+00:00,11.318311475409837
2023-03-27 06:00:00+00:00,941.4126166666666
2023-03-27 07:00:00+00:00,3551.7591333333335
2023-03-27 08:00:00+00:00,6303.023866666666
2023-03-27 09:00:00+00:00,8086.128549999999
2023-03-27 10:00:00+00:00,7464.916833333334
2023-03-27 11:00:00+00:00,5966.8221
2023-03-27 12:00:00+00:00,8286.607916666666
2023-03-27 13:00:00+00:00,4840.0327333333325
2023-03-27 14:00:00+00:00,2789.8201666666664
2023-03-27 15:00:00+00:00,3314.78175
2023-03-27 16:00:00+00:00,2211.3096333333333
2023-03-27 17:00:00+00:00,568.3306166666666
2023-03-27 18:00:00+00:00,13.2736
2023-03-27 19:00:00+00:00,0.0
2023-03-27 20:00:00+00:00,0.0
2023-03-27 21:00:00+00:00,0.0
2023-03-27 22:00:00+00:00,0.0
2023-03-27 23:00:00+00:00,0.0
2023-03-28 00:00:00+00:00,0.0
2023-03-28 01:00:00+00:00,0.0
2023-03-28 02:00:00+00:00,0.0
2023-03-28 03:00:00+00:00,0.0
2023-03-28 04:00:00+00:00,0.0
2023-03-28 05:00:00+00:00,0.0
2023-03-28 06:00:00+00:00,37.06451666666667
2023-03-28 07:00:00+00:00,495.20026666666666
2023-03-28 08:00:00+00:00,1154.9382
2023-03-28 09:00:00+00:00,1099.4053833333335
2023-03-28 10:00:00+00:00,748.8434166666667
2023-03-28 11:00:00+00:00,1289.4129166666667
2023-03-28 12:00:00+00:00,688.2715666666667
2023-03-28 13:00:00+00:00,1084.35025
2023-03-28 14:00:00+00:00,1447.636606557377
2023-03-28 15:00:00+00:00,1387.2873166666666
2023-03-28 16:00:00+00:00,763.1871833333333
2023-03-28 17:00:00+00:00,97.60398333333335
2023-03-28 18:00:00+00:00,0.5439333333333334
2023-03-28 19:00:00+00:00,0.0
2023-03-28 20:00:00+00:00,0.0
2023-03-28 21:00:00+00:00,0.0
2023-03-28 22:00:00+00:00,0.0
2023-03-28 23:00:00+00:00,0.0
2023-03-29 00:00:00+00:00,0.0
2023-03-29 01:00:00+00:00,0.0
2023-03-29 02:00:00+00:00,0.0
2023-03-29 03:00:00+00:00,0.0
2023-03-29 04:00:00+00:00,0.0
2023-03-29 05:00:00+00:00,0.11818333333333333
2023-03-29 06:00:00+00:00,389.25761666666665
2023-03-29 07:00:00+00:00,463.65654098360653
2023-03-29 08:00:00+00:00,986.2092833333334
2023-03-29 09:00:00+00:00,803.9812333333334
2023-03-29 10:00:00+00:00,770.2609333333334
2023-03-29 11:00:00+00:00,601.8590499999999
2023-03-29 12:00:00+00:00,1217.7761833333332
2023-03-29 13:00:00+00:00,2253.6408333333334
2023-03-29 14:00:00+00:00,1543.6422333333333
2023-03-29 15:00:00+00:00,1643.6026
2023-03-29 16:00:00+00:00,1228.0155
2023-03-29 17:00:00+00:00,454.7076666666666
2023-03-29 18:00:00+00:00,4.611083333333334
2023-03-29 19:00:00+00:00,0.0
2023-03-29 20:00:00+00:00,0.0
2023-03-29 21:00:00+00:00,0.0
2023-03-29 22:00:00+00:00,0.0
2023-03-29 23:00:00+00:00,0.0
2023-03-30 00:00:00+00:00,0.0
2023-03-30 01:00:00+00:00,0.0
2023-03-30 02:00:00+00:00,0.0
2023-03-30 03:00:00+00:00,0.0
2023-03-30 04:00:00+00:00,0.0
2023-03-30 05:00:00+00:00,11.930683333333333
2023-03-30 06:00:00+00:00,324.2038166666667
2023-03-30 07:00:00+00:00,1115.3908000000001
2023-03-30 08:00:00+00:00,1232.1644999999999
2023-03-30 09:00:00+00:00,1384.0058833333335
2023-03-30 10:00:00+00:00,1730.7813833333335
2023-03-30 11:00:00+00:00,2339.5356166666666
2023-03-30 12:00:00+00:00,3171.2054333333335
2023-03-30 13:00:00+00:00,3985.8855166666667
2023-03-30 14:00:00+00:00,2627.3559333333333
2023-03-30 15:00:00+00:00,1972.558
2023-03-30 16:00:00+00:00,1076.686606557377
2023-03-30 17:00:00+00:00,471.02985
2023-03-30 18:00:00+00:00,16.6691
2023-03-30 19:00:00+00:00,0.0
2023-03-30 20:00:00+00:00,0.0
2023-03-30 21:00:00+00:00,0.0
2023-03-30 22:00:00+00:00,0.0
2023-03-30 23:00:00+00:00,0.0
2023-03-31 00:00:00+00:00,0.0
2023-03-31 01:00:00+00:00,0.0
2023-03-31 02:00:00+00:00,0.0
2023-03-31 03:00:00+00:00,0.0
2023-03-31 04:00:00+00:00,0.0
2023-03-31 05:00:00+00:00,0.0
2023-03-31 06:00:00+00:00,48.10163333333333
2023-03-31 07:00:00+00:00,270.47046666666665
2023-03-31 08:00:00+00:00,378.91068333333334
2023-03-31 09:00:00+00:00,823.4922622950819
2023-03-31 10:00:00+00:00,876.6320666666667
2023-03-31 11:00:00+00:00,724.7778666666667
2023-03-31 12:00:00+00:00,1223.0670666666667
2023-03-31 13:00:00+00:00,1954.7338833333333
2023-03-31 14:00:00+00:00,430.8492833333333
2023-03-31 15:00:00+00:00,709.7446
2023-03-31 16:00:00+00:00,552.8383666666667
2023-03-31 17:00:00+00:00,354.8602
2023-03-31 18:00:00+00:00,3.025116666666667
2023-03-31 19:00:00+00:00,0.0
2023-03-31 20:00:00+00:00,0.0
2023-03-31 21:00:00+00:00,0.0
2023-03-31 22:00:00+00:00,0.0
2023-03-31 23:00:00+00:00,0.0
2023-04-01 00:00:00+00:00,0.0
2023-04-01 01:00:00+00:00,0.0
2023-04-01 02:00:00+00:00,0.0
2023-04-01 03:00:00+00:00,0.0
2023-04-01 04:00:00+00:00,0.0
2023-04-01 05:00:00+00:00,0.0
2023-04-01 06:00:00+00:00,51.2446
2023-04-01 07:00:00+00:00,457.00014999999996
2023-04-01 08:00:00+00:00,771.6391500000001
2023-04-01 09:00:00+00:00,1242.58295
2023-04-01 10:00:00+00:00,1273.0424666666665
2023-04-01 11:00:00+00:00,1613.71575
2023-04-01 12:00:00+00:00,1787.9315666666666
2023-04-01 13:00:00+00:00,2673.0344
2023-04-01 14:00:00+00:00,1923.4842166666667
2023-04-01 15:00:00+00:00,1391.7040666666667
2023-04-01 16:00:00+00:00,664.9738
2023-04-01 17:00:00+00:00,97.53386666666667
2023-04-01 18:00:00+00:00,0.0
2023-04-01 19:00:00+00:00,0.0
2023-04-01 20:00:00+00:00,0.0
2023-04-01 21:00:00+00:00,0.0
2023-04-01 22:00:00+00:00,0.0
2023-04-01 23:00:00+00:00,0.0
2023-04-02 00:00:00+00:00,0.0
2023-04-02 01:00:00+00:00,0.0
2023-04-02 02:00:00+00:00,0.0
2023-04-02 03:00:00+00:00,0.0
2023-04-02 04:00:00+00:00,0.0
2023-04-02 05:00:00+00:00,0.0
2023-04-02 06:00:00+00:00,61.8176
2023-04-02 07:00:00+00:00,335.7656333333333
2023-04-02 08:00:00+00:00,2533.7456833333335
2023-04-02 09:00:00+00:00,5863.885333333334
2023-04-02 10:00:00+00:00,4243.798433333333
2023-04-02 11:00:00+00:00,4943.613049180328
2023-04-02 12:00:00+00:00,6515.02175
2023-04-02 13:00:00+00:00,8022.451333333333
2023-04-02 14:00:00+00:00,6535.8952500000005
2023-04-02 15:00:00+00:00,4761.7625
2023-04-02 16:00:00+00:00,2442.7262333333333
2023-04-02 17:00:00+00:00,730.1539333333333
2023-04-02 18:00:00+00:00,40.02621666666666
2023-04-02 19:00:00+00:00,0.0
2023-04-02 20:00:00+00:00,0.0
2023-04-02 21:00:00+00:00,0.0
2023-04-02 22:00:00+00:00,0.0
2023-04-02 23:00:00+00:00,0.0
2023-04-03 00:00:00+00:00,0.0
2023-04-03 01:00:00+00:00,0.0
2023-04-03 02:00:00+00:00,0.0
2023-04-03 03:00:00+00:00,0.0
2023-04-03 04:00:00+00:00,0.0
2023-04-03 05:00:00+00:00,49.41223333333333
2023-04-03 06:00:00+00:00,1259.79305
2023-04-03 07:00:00+00:00,3786.3511
2023-04-03 08:00:00+00:00,5169.599
2023-04-03 09:00:00+00:00,3750.3535666666667
2023-04-03 10:00:00+00:00,3490.66015
2023-04-03 11:00:00+00:00,8393.598283333333
2023-04-03 12:00:00+00:00,8922.01365
2023-04-03 13:00:00+00:00,8052.065266666667
2023-04-03 14:00:00+00:00,6550.744683333333
2023-04-03 15:00:00+00:00,4887.374483333333
2023-04-03 16:00:00+00:00,2537.2922666666664
2023-04-03 17:00:00+00:00,764.7875166666668
2023-04-03 18:00:00+00:00,40.586800000000004
2023-04-03 19:00:00+00:00,0.0
2023-04-03 20:00:00+00:00,0.0
2023-04-03 21:00:00+00:00,0.0
2023-04-03 22:00:00+00:00,0.0
2023-04-03 23:00:00+00:00,0.0
2023-04-04 00:00:00+00:00,0.0
2023-04-04 01:00:00+00:00,0.0
2023-04-04 02:00:00+00:00,0.0
2023-04-04 03:00:00+00:00,0.0
2023-04-04 04:00:00+00:00,0.0
2023-04-04 05:00:00+00:00,130.63596666666666
2023-04-04 06:00:00+00:00,1529.2712
2023-04-04 07:00:00+00:00,3439.088566666667
2023-04-04 08:00:00+00:00,6674.78125
2023-04-04 09:00:00+00:00,8265.458616666667
2023-04-04 10:00:00+00:00,9046.16535
2023-04-04 11:00:00+00:00,9155.416433333334
2023-04-04 12:00:00+00:00,8770.799916666667
2023-04-04 13:00:00+00:00,7752.975754098361
2023-04-04 14:00:00+00:00,6336.580633333333
2023-04-04 15:00:00+00:00,4660.7632
2023-04-04 16:00:00+00:00,2445.70195
2023-04-04 17:00:00+00:00,718.1143833333333
2023-04-04 18:00:00+00:00,39.95628333333333
2023-04-04 19:00:00+00:00,0.0
2023-04-04 20:00:00+00:00,0.0
2023-04-04 21:00:00+00:00,0.0
2023-04-04 22:00:00+00:00,0.0
2023-04-04 23:00:00+00:00,0.0
2023-04-05 00:00:00+00:00,0.0
2023-04-05 01:00:00+00:00,0.0
2023-04-05 02:00:00+00:00,0.0
2023-04-05 03:00:00+00:00,0.0
2023-04-05 04:00:00+00:00,0.0
2023-04-05 05:00:00+00:00,79.68239999999999
2023-04-05 06:00:00+00:00,1121.3706393442621
2023-04-05 07:00:00+00:00,2056.9042833333333
2023-04-05 08:00:00+00:00,2483.4428
2023-04-05 09:00:00+00:00,2517.61585
2023-04-05 10:00:00+00:00,4165.343983333333
2023-04-05 11:00:00+00:00,8216.635233333333
2023-04-05 12:00:00+00:00,7765.200849999999
2023-04-05 13:00:00+00:00,6634.4479
2023-04-05 14:00:00+00:00,3799.276
2023-04-05 15:00:00+00:00,3092.6993
2023-04-05 16:00:00+00:00,996.5850666666666
2023-04-05 17:00:00+00:00,363.87575000000004
2023-04-05 18:00:00+00:00,12.142066666666667
2023-04-05 19:00:00+00:00,0.0
2023-04-05 20:00:00+00:00,0.0
2023-04-05 21:00:00+00:00,0.0
2023-04-05 22:00:00+00:00,0.0
2023-04-05 23:00:00+00:00,0.0
2023-04-06 00:00:00+00:00,0.0
2023-04-06 01:00:00+00:00,0.0
2023-04-06 02:00:00+00:00,0.0
2023-04-06 03:00:00+00:00,0.0
2023-04-06 04:00:00+00:00,0.0
2023-04-06 05:00:00+00:00,0.0
2023-04-06 06:00:00+00:00,129.54391666666666
2023-04-06 07:00:00+00:00,623.7271166666667
2023-04-06 08:00:00+00:00,614.0365999999999
2023-04-06 09:00:00+00:00,2639.1698833333335
2023-04-06 10:00:00+00:00,1459.9848833333333
2023-04-06 11:00:00+00:00,2218.8731186440677
2023-04-06 12:00:00+00:00,2372.6445833333332
2023-04-06 13:00:00+00:00,3198.6754
2023-04-06 14:00:00+00:00,893.1653833333334
2023-04-06 15:00:00+00:00,224.51991803278688
2023-04-06 16:00:00+00:00,719.7506666666667
2023-04-06 17:00:00+00:00,316.14653333333337
2023-04-06 18:00:00+00:00,5.7458833333333335
2023-04-06 19:00:00+00:00,0.0
2023-04-06 20:00:00+00:00,0.0
2023-04-06 21:00:00+00:00,0.0
2023-04-06 22:00:00+00:00,0.0
2023-04-06 23:00:00+00:00,0.0
2023-04-07 00:00:00+00:00,0.0
2023-04-07 01:00:00+00:00,0.0
2023-04-07 02:00:00+00:00,0.0
2023-04-07 03:00:00+00:00,0.0
2023-04-07 04:00:00+00:00,0.0
2023-04-07 05:00:00+00:00,31.59831666666667
2023-04-07 06:00:00+00:00,685.1944333333333
2023-04-07 07:00:00+00:00,3930.8543
2023-04-07 08:00:00+00:00,6517.243426229508
2023-04-07 09:00:00+00:00,8097.279216666667
2023-04-07 10:00:00+00:00,7074.213383333334
2023-04-07 11:00:00+00:00,6931.330416666667
2023-04-07 12:00:00+00:00,7837.241433333333
2023-04-07 13:00:00+00:00,5831.5261666666665
2023-04-07 14:00:00+00:00,6428.797633333334
2023-04-07 15:00:00+00:00,4238.001883333333
2023-04-07 16:00:00+00:00,1929.1606
2023-04-07 17:00:00+00:00,692.1558
2023-04-07 18:00:00+00:00,56.81178333333333
2023-04-07 19:00:00+00:00,0.0
2023-04-07 20:00:00+00:00,0.0
2023-04-07 21:00:00+00:00,0.0
2023-04-07 22:00:00+00:00,0.0
2023-04-07 23:00:00+00:00,0.0
2023-04-08 00:00:00+00:00,0.0
2023-04-08 01:00:00+00:00,0.0
2023-04-08 02:00:00+00:00,0.0
2023-04-08 03:00:00+00:00,0.0
2023-04-08 04:00:00+00:00,0.0
2023-04-08 05:00:00+00:00,199.91761666666667
2023-04-08 06:00:00+00:00,1536.0124666666668
2023-04-08 07:00:00+00:00,4066.236883333333
2023-04-08 08:00:00+00:00,6349.847783333334
2023-04-08 09:00:00+00:00,7801.549633333333
2023-04-08 10:00:00+00:00,7429.1376666666665
2023-04-08 11:00:00+00:00,5540.404183333333
2023-04-08 12:00:00+00:00,4814.918049999999
2023-04-08 13:00:00+00:00,5231.271583333333
2023-04-08 14:00:00+00:00,4309.000566666667
2023-04-08 15:00:00+00:00,4505.7661499999995
2023-04-08 16:00:00+00:00,1989.5228
2023-04-08 17:00:00+00:00,645.2826333333334
2023-04-08 18:00:00+00:00,42.26018333333333
2023-04-08 19:00:00+00:00,0.0
2023-04-08 20:00:00+00:00,0.0
2023-04-08 21:00:00+00:00,0.0
2023-04-08 22:00:00+00:00,0.0
2023-04-08 23:00:00+00:00,0.0
2023-04-09 00:00:00+00:00,0.0
2023-04-09 01:00:00+00:00,0.0
2023-04-09 02:00:00+00:00,0.0
2023-04-09 03:00:00+00:00,0.0
2023-04-09 04:00:00+00:00,0.0
2023-04-09 05:00:00+00:00,113.97293333333333
2023-04-09 06:00:00+00:00,876.9964166666667
2023-04-09 07:00:00+00:00,2203.5220666666664
2023-04-09 08:00:00+00:00,6193.2678
2023-04-09 09:00:00+00:00,7468.742233333333
2023-04-09 10:00:00+00:00,8186.032590163934
2023-04-09 11:00:00+00:00,7619.801399999999
2023-04-09 12:00:00+00:00,8161.955716666666
2023-04-09 13:00:00+00:00,7727.384383333334
2023-04-09 14:00:00+00:00,6058.789883333333
2023-04-09 15:00:00+00:00,4400.122766666666
2023-04-09 16:00:00+00:00,1482.3499333333334
2023-04-09 17:00:00+00:00,550.6920666666666
2023-04-09 18:00:00+00:00,39.22588333333333
2023-04-09 19:00:00+00:00,0.0
2023-04-09 20:00:00+00:00,0.0
2023-04-09 21:00:00+00:00,0.0
2023-04-09 22:00:00+00:00,0.0
2023-04-09 23:00:00+00:00,0.0
2023-04-10 00:00:00+00:00,0.0
2023-04-10 01:00:00+00:00,0.0
2023-04-10 02:00:00+00:00,0.0
2023-04-10 03:00:00+00:00,0.0
2023-04-10 04:00:00+00:00,0.0
2023-04-10 05:00:00+00:00,0.9234833333333333
2023-04-10 06:00:00+00:00,119.90086666666666
2023-04-10 07:00:00+00:00,177.5886
2023-04-10 08:00:00+00:00,369.96881666666667
2023-04-10 09:00:00+00:00,771.3206833333334
2023-04-10 10:00:00+00:00,638.7782000000001
2023-04-10 11:00:00+00:00,683.6303499999999
2023-04-10 12:00:00+00:00,2768.805966666667
2023-04-10 13:00:00+00:00,4682.97885
2023-04-10 14:00:00+00:00,3678.6329833333334
2023-04-10 15:00:00+00:00,3079.902466666667
2023-04-10 16:00:00+00:00,2571.8356833333332
2023-04-10 17:00:00+00:00,698.0686499999999
2023-04-10 18:00:00+00:00,106.51551666666666
2023-04-10 19:00:00+00:00,0.0
2023-04-10 20:00:00+00:00,0.0
2023-04-10 21:00:00+00:00,0.0
2023-04-10 22:00:00+00:00,0.0
2023-04-10 23:00:00+00:00,0.0
2023-04-11 00:00:00+00:00,0.0
2023-04-11 01:00:00+00:00,0.0
2023-04-11 02:00:00+00:00,0.0
2023-04-11 03:00:00+00:00,0.0
2023-04-11 04:00:00+00:00,0.0
2023-04-11 05:00:00+00:00,303.0340166666667
2023-04-11 06:00:00+00:00,1730.2707666666668
2023-04-11 07:00:00+00:00,4161.783233333334
2023-04-11 08:00:00+00:00,6704.6938666666665
2023-04-11 09:00:00+00:00,7552.957266666666
2023-04-11 10:00:00+00:00,6658.1349666666665
2023-04-11 11:00:00+00:00,5677.466816666667
2023-04-11 12:00:00+00:00,3221.2466393442623
2023-04-11 13:00:00+00:00,2272.066
2023-04-11 14:00:00+00:00,1751.9139833333331
2023-04-11 15:00:00+00:00,1246.9608333333333
2023-04-11 16:00:00+00:00,392.6984333333333
2023-04-11 17:00:00+00:00,131.17036666666667
2023-04-11 18:00:00+00:00,1.4951666666666665
2023-04-11 19:00:00+00:00,0.0
2023-04-11 20:00:00+00:00,0.0
2023-04-11 21:00:00+00:00,0.0
2023-04-11 22:00:00+00:00,0.0
2023-04-11 23:00:00+00:00,0.0
2023-04-12 00:00:00+00:00,0.0
2023-04-12 01:00:00+00:00,0.0
2023-04-12 02:00:00+00:00,0.0
2023-04-12 03:00:00+00:00,0.0
2023-04-12 04:00:00+00:00,0.0
2023-04-12 05:00:00+00:00,302.86158333333333
2023-04-12 06:00:00+00:00,1630.17135
2023-04-12 07:00:00+00:00,1335.0884333333333
2023-04-12 08:00:00+00:00,2661.8709833333332
2023-04-12 09:00:00+00:00,5086.316516666667
2023-04-12 10:00:00+00:00,6842.926316666667
2023-04-12 11:00:00+00:00,8326.64725
2023-04-12 12:00:00+00:00,5235.951633333333
2023-04-12 13:00:00+00:00,5714.3228
2023-04-12 14:00:00+00:00,1616.1239500000001
2023-04-12 15:00:00+00:00,637.2089333333333
2023-04-12 16:00:00+00:00,67.0642
2023-04-12 17:00:00+00:00,160.07004999999998
2023-04-12 18:00:00+00:00,84.23193333333333
2023-04-12 19:00:00+00:00,0.0
2023-04-12 20:00:00+00:00,0.0
2023-04-12 21:00:00+00:00,0.0
2023-04-12 22:00:00+00:00,0.0
2023-04-12 23:00:00+00:00,0.0
2023-04-13 00:00:00+00:00,0.0
2023-04-13 01:00:00+00:00,0.0
2023-04-13 02:00:00+00:00,0.0
2023-04-13 03:00:00+00:00,0.0
2023-04-13 04:00:00+00:00,0.0
2023-04-13 05:00:00+00:00,286.3942
2023-04-13 06:00:00+00:00,1872.8382
2023-04-13 07:00:00+00:00,4416.237833333334
2023-04-13 08:00:00+00:00,6563.711416666667
2023-04-13 09:00:00+00:00,7862.153666666666
2023-04-13 10:00:00+00:00,8826.026566666667
2023-04-13 11:00:00+00:00,6205.492316666667
2023-04-13 12:00:00+00:00,3456.992683333333
2023-04-13 13:00:00+00:00,4594.283766666666
2023-04-13 14:00:00+00:00,4939.447049180329
2023-04-13 15:00:00+00:00,2765.8434333333335
2023-04-13 16:00:00+00:00,1091.7116666666668
2023-04-13 17:00:00+00:00,1004.3556666666666
2023-04-13 18:00:00+00:00,98.88428333333333
2023-04-13 19:00:00+00:00,0.0
2023-04-13 20:00:00+00:00,0.0
2023-04-13 21:00:00+00:00,0.0
2023-04-13 22:00:00+00:00,0.0
2023-04-13 23:00:00+00:00,0.0
2023-04-14 00:00:00+00:00,0.0
2023-04-14 01:00:00+00:00,0.0
2023-04-14 02:00:00+00:00,0.0
2023-04-14 03:00:00+00:00,0.0
2023-04-14 04:00:00+00:00,0.0
2023-04-14 05:00:00+00:00,285.4610333333333
2023-04-14 06:00:00+00:00,1136.677213114754
2023-04-14 07:00:00+00:00,1955.8339830508476
2023-04-14 08:00:00+00:00,2353.042
2023-04-14 09:00:00+00:00,2302.44805
2023-04-14 10:00:00+00:00,3237.9329166666666
2023-04-14 11:00:00+00:00,2629.8716166666663
2023-04-14 12:00:00+00:00,2989.1811166666666
2023-04-14 13:00:00+00:00,3452.7069666666666
2023-04-14 14:00:00+00:00,1608.8865666666668
2023-04-14 15:00:00+00:00,1092.9915333333333
2023-04-14 16:00:00+00:00,819.8540333333333
2023-04-14 17:00:00+00:00,300.7970833333333
2023-04-14 18:00:00+00:00,44.86606666666667
2023-04-14 19:00:00+00:00,0.0
2023-04-14 20:00:00+00:00,0.0
2023-04-14 21:00:00+00:00,0.0
2023-04-14 22:00:00+00:00,0.0
2023-04-14 23:00:00+00:00,0.0
2023-04-15 00:00:00+00:00,0.0
2023-04-15 01:00:00+00:00,0.0
2023-04-15 02:00:00+00:00,0.0
2023-04-15 03:00:00+00:00,0.0
2023-04-15 04:00:00+00:00,0.0
2023-04-15 05:00:00+00:00,0.0
2023-04-15 06:00:00+00:00,109.43243333333334
2023-04-15 07:00:00+00:00,519.65895
2023-04-15 08:00:00+00:00,1578.20505
2023-04-15 09:00:00+00:00,1608.0231333333334
2023-04-15 10:00:00+00:00,2788.19325
2023-04-15 11:00:00+00:00,5183.9935
2023-04-15 12:00:00+00:00,6501.658549999999
2023-04-15 13:00:00+00:00,4033.38655
2023-04-15 14:00:00+00:00,1772.9399166666667
2023-04-15 15:00:00+00:00,997.7716666666668
2023-04-15 16:00:00+00:00,1127.8373770491803
2023-04-15 17:00:00+00:00,485.9792166666667
2023-04-15 18:00:00+00:00,10.271016666666666
2023-04-15 19:00:00+00:00,0.0
2023-04-15 20:00:00+00:00,0.0
2023-04-15 21:00:00+00:00,0.0
2023-04-15 22:00:00+00:00,0.0
2023-04-15 23:00:00+00:00,0.0
2023-04-16 00:00:00+00:00,0.0
2023-04-16 01:00:00+00:00,0.0
2023-04-16 02:00:00+00:00,0.0
2023-04-16 03:00:00+00:00,0.0
2023-04-16 04:00:00+00:00,1.8694333333333333
2023-04-16 05:00:00+00:00,214.42623333333333
2023-04-16 06:00:00+00:00,842.1978333333334
2023-04-16 07:00:00+00:00,2074.808633333333
2023-04-16 08:00:00+00:00,3637.1730491803282
2023-04-16 09:00:00+00:00,4438.656566666667
2023-04-16 10:00:00+00:00,3899.3052833333336
2023-04-16 11:00:00+00:00,3285.2135333333335
2023-04-16 12:00:00+00:00,3201.5529833333335
2023-04-16 13:00:00+00:00,3948.051066666667
2023-04-16 14:00:00+00:00,3197.574783333333
2023-04-16 15:00:00+00:00,3515.6767666666665
2023-04-16 16:00:00+00:00,2053.7914333333333
2023-04-16 17:00:00+00:00,760.68295
2023-04-16 18:00:00+00:00,79.77426666666666
2023-04-16 19:00:00+00:00,0.0
2023-04-16 20:00:00+00:00,0.0
2023-04-16 21:00:00+00:00,0.0
2023-04-16 22:00:00+00:00,0.0
2023-04-16 23:00:00+00:00,0.0
2023-04-17 00:00:00+00:00,0.0
2023-04-17 01:00:00+00:00,0.0
2023-04-17 02:00:00+00:00,0.0
2023-04-17 03:00:00+00:00,0.0
2023-04-17 04:00:00+00:00,0.0
2023-04-17 05:00:00+00:00,378.00646666666665
2023-04-17 06:00:00+00:00,1281.3493666666666
2023-04-17 07:00:00+00:00,4135.203783333333
2023-04-17 08:00:00+00:00,5821.5611499999995
2023-04-17 09:00:00+00:00,7838.908116666667
2023-04-17 10:00:00+00:00,8967.54685
2023-04-17 11:00:00+00:00,9183.380416666665
2023-04-17 12:00:00+00:00,8932.088016666667
2023-04-17 13:00:00+00:00,8092.1042333333335
2023-04-17 14:00:00+00:00,6731.746210526316
2023-04-17 15:00:00+00:00,5052.7789999999995
2023-04-17 16:00:00+00:00,2615.182083333333
2023-04-17 17:00:00+00:00,717.0349333333332
2023-04-17 18:00:00+00:00,25.155819672131148
2023-04-17 19:00:00+00:00,0.0
2023-04-17 20:00:00+00:00,0.0
2023-04-17 21:00:00+00:00,0.0
2023-04-17 22:00:00+00:00,0.0
2023-04-17 23:00:00+00:00,0.0
2023-04-18 00:00:00+00:00,0.0
2023-04-18 01:00:00+00:00,0.0
2023-04-18 02:00:00+00:00,0.0
2023-04-18 03:00:00+00:00,0.0
2023-04-18 04:00:00+00:00,0.0
2023-04-18 05:00:00+00:00,12.550266666666666
2023-04-18 06:00:00+00:00,406.73555
2023-04-18 07:00:00+00:00,2796.7298
2023-04-18 08:00:00+00:00,1986.8934833333333
2023-04-18 09:00:00+00:00,1166.4795333333334
2023-04-18 10:00:00+00:00,511.75100000000003
2023-04-18 11:00:00+00:00,1690.7358833333335
2023-04-18 12:00:00+00:00,723.3049666666667
2023-04-18 13:00:00+00:00,1066.3114166666667
2023-04-18 14:00:00+00:00,1166.6289499999998
2023-04-18 15:00:00+00:00,1983.9253728813558
2023-04-18 16:00:00+00:00,600.1770833333334
2023-04-18 17:00:00+00:00,542.9176666666667
2023-04-18 18:00:00+00:00,124.49551666666666
2023-04-18 19:00:00+00:00,0.0
2023-04-18 20:00:00+00:00,0.0
2023-04-18 21:00:00+00:00,0.0
2023-04-18 22:00:00+00:00,0.0
2023-04-18 23:00:00+00:00,0.0
2023-04-19 00:00:00+00:00,0.0
2023-04-19 01:00:00+00:00,0.0
2023-04-19 02:00:00+00:00,0.0
2023-04-19 03:00:00+00:00,0.0
2023-04-19 04:00:00+00:00,0.0
2023-04-19 05:00:00+00:00,365.6088
2023-04-19 06:00:00+00:00,823.1594666666666
2023-04-19 07:00:00+00:00,1022.7183
2023-04-19 08:00:00+00:00,1223.1163000000001
2023-04-19 09:00:00+00:00,1974.4689666666668
2023-04-19 10:00:00+00:00,3098.3376
2023-04-19 11:00:00+00:00,7095.4143
2023-04-19 12:00:00+00:00,8299.052633333333
2023-04-19 13:00:00+00:00,7944.2849
2023-04-19 14:00:00+00:00,6762.009999999999
2023-04-19 15:00:00+00:00,5080.434383333334
2023-04-19 16:00:00+00:00,2577.845983333333
2023-04-19 17:00:00+00:00,868.7886333333333
2023-04-19 18:00:00+00:00,146.69523333333333
2023-04-19 19:00:00+00:00,0.0
2023-04-19 20:00:00+00:00,0.0
2023-04-19 21:00:00+00:00,0.0
2023-04-19 22:00:00+00:00,0.0
2023-04-19 23:00:00+00:00,0.0
2023-04-20 00:00:00+00:00,0.0
2023-04-20 01:00:00+00:00,0.0
2023-04-20 02:00:00+00:00,0.0
2023-04-20 03:00:00+00:00,0.0
2023-04-20 04:00:00+00:00,0.0
2023-04-20 05:00:00+00:00,619.1368333333334
2023-04-20 06:00:00+00:00,1966.1567
2023-04-20 07:00:00+00:00,4421.916533333334
2023-04-20 08:00:00+00:00,4194.9806
2023-04-20 09:00:00+00:00,4287.218866666667
2023-04-20 10:00:00+00:00,7808.6676333333335
2023-04-20 11:00:00+00:00,7094.827366666666
2023-04-20 12:00:00+00:00,8955.780524590164
2023-04-20 13:00:00+00:00,8081.527216666667
2023-04-20 14:00:00+00:00,3396.9560500000002
2023-04-20 15:00:00+00:00,443.3365166666666
2023-04-20 16:00:00+00:00,360.52915
2023-04-20 17:00:00+00:00,526.6597833333333
2023-04-20 18:00:00+00:00,42.517516666666666
2023-04-20 19:00:00+00:00,0.0
2023-04-20 20:00:00+00:00,0.0
2023-04-20 21:00:00+00:00,0.0
2023-04-20 22:00:00+00:00,0.0
2023-04-20 23:00:00+00:00,0.0
2023-04-21 00:00:00+00:00,0.0
2023-04-21 01:00:00+00:00,0.0
2023-04-21 02:00:00+00:00,0.0
2023-04-21 03:00:00+00:00,0.0
2023-04-21 04:00:00+00:00,0.0
2023-04-21 05:00:00+00:00,1.8402950819672133
2023-04-21 06:00:00+00:00,76.94645
2023-04-21 07:00:00+00:00,267.8159
2023-04-21 08:00:00+00:00,625.62225
2023-04-21 09:00:00+00:00,1618.0409499999998
2023-04-21 10:00:00+00:00,2815.8858833333334
2023-04-21 11:00:00+00:00,3691.60465
2023-04-21 12:00:00+00:00,1991.1896833333333
2023-04-21 13:00:00+00:00,3338.1643166666668
2023-04-21 14:00:00+00:00,2244.0435500000003
2023-04-21 15:00:00+00:00,2663.3922166666666
2023-04-21 16:00:00+00:00,1595.6473166666667
2023-04-21 17:00:00+00:00,1166.1917833333332
2023-04-21 18:00:00+00:00,324.15145
2023-04-21 19:00:00+00:00,0.036366666666666665
2023-04-21 20:00:00+00:00,0.0
2023-04-21 21:00:00+00:00,0.0
2023-04-21 22:00:00+00:00,0.0
2023-04-21 23:00:00+00:00,0.0
2023-04-22 00:00:00+00:00,0.0
2023-04-22 01:00:00+00:00,0.0
2023-04-22 02:00:00+00:00,0.0
2023-04-22 03:00:00+00:00,0.0
2023-04-22 04:00:00+00:00,0.0
2023-04-22 05:00:00+00:00,197.50705000000002
2023-04-22 06:00:00+00:00,815.3785833333333
2023-04-22 07:00:00+00:00,1156.6918833333334
2023-04-22 08:00:00+00:00,2976.9980666666665
2023-04-22 09:00:00+00:00,3640.8595666666665
2023-04-22 10:00:00+00:00,7714.764033333334
2023-04-22 11:00:00+00:00,6243.998216666666
2023-04-22 12:00:00+00:00,1874.38985
2023-04-22 13:00:00+00:00,2226.1844666666666
2023-04-22 14:00:00+00:00,5751.905360655738
2023-04-22 15:00:00+00:00,4539.9508166666665
2023-04-22 16:00:00+00:00,2560.4254666666666
2023-04-22 17:00:00+00:00,1006.0456333333333
2023-04-22 18:00:00+00:00,210.95038333333332
2023-04-22 19:00:00+00:00,0.04028333333333333
2023-04-22 20:00:00+00:00,0.0
2023-04-22 21:00:00+00:00,0.0
2023-04-22 22:00:00+00:00,0.0
2023-04-22 23:00:00+00:00,0.0
2023-04-23 00:00:00+00:00,0.0
2023-04-23 01:00:00+00:00,0.0
2023-04-23 02:00:00+00:00,0.0
2023-04-23 03:00:00+00:00,0.0
2023-04-23 04:00:00+00:00,0.0
2023-04-23 05:00:00+00:00,106.69624999999999
2023-04-23 06:00:00+00:00,731.3515166666667
2023-04-23 07:00:00+00:00,318.492131147541
2023-04-23 08:00:00+00:00,725.2747666666667
2023-04-23 09:00:00+00:00,1050.3806333333334
2023-04-23 10:00:00+00:00,1515.7600833333333
2023-04-23 11:00:00+00:00,1460.6772166666667
2023-04-23 12:00:00+00:00,1730.929
2023-04-23 13:00:00+00:00,2325.1666833333334
2023-04-23 14:00:00+00:00,1958.5234833333334
2023-04-23 15:00:00+00:00,1227.2180166666667
2023-04-23 16:00:00+00:00,2725.7441000000003
2023-04-23 17:00:00+00:00,803.2888333333334
2023-04-23 18:00:00+00:00,79.35355
2023-04-23 19:00:00+00:00,0.0
2023-04-23 20:00:00+00:00,0.0
2023-04-23 21:00:00+00:00,0.0
2023-04-23 22:00:00+00:00,0.0
2023-04-23 23:00:00+00:00,0.0
2023-04-24 00:00:00+00:00,0.0
2023-04-24 01:00:00+00:00,0.0
2023-04-24 02:00:00+00:00,0.0
2023-04-24 03:00:00+00:00,0.0
2023-04-24 04:00:00+00:00,0.0
2023-04-24 05:00:00+00:00,22.926550000000002
2023-04-24 06:00:00+00:00,570.9289
2023-04-24 07:00:00+00:00,4095.4586333333336
2023-04-24 08:00:00+00:00,6365.421779661017
2023-04-24 09:00:00+00:00,6294.835416666667
2023-04-24 10:00:00+00:00,3869.4169833333335
2023-04-24 11:00:00+00:00,3485.7200500000004
2023-04-24 12:00:00+00:00,5610.144433333334
2023-04-24 13:00:00+00:00,6440.827316666667
2023-04-24 14:00:00+00:00,3645.46385
2023-04-24 15:00:00+00:00,595.2155
2023-04-24 16:00:00+00:00,70.05883606557377
2023-04-24 17:00:00+00:00,125.13186666666667
2023-04-24 18:00:00+00:00,37.6322
2023-04-24 19:00:00+00:00,0.0
2023-04-24 20:00:00+00:00,0.0
2023-04-24 21:00:00+00:00,0.0
2023-04-24 22:00:00+00:00,0.0
2023-04-24 23:00:00+00:00,0.0
2023-04-25 00:00:00+00:00,0.0
2023-04-25 01:00:00+00:00,0.0
2023-04-25 02:00:00+00:00,0.0
2023-04-25 03:00:00+00:00,0.0
2023-04-25 04:00:00+00:00,9.37375
2023-04-25 05:00:00+00:00,769.5618666666667
2023-04-25 06:00:00+00:00,2150.90905
2023-04-25 07:00:00+00:00,4598.112016666667
2023-04-25 08:00:00+00:00,6703.3174500000005
2023-04-25 09:00:00+00:00,5296.7305081967215
2023-04-25 10:00:00+00:00,7444.60075
2023-04-25 11:00:00+00:00,5243.18055
2023-04-25 12:00:00+00:00,4404.383433333333
2023-04-25 13:00:00+00:00,2992.49615
2023-04-25 14:00:00+00:00,2041.37405
2023-04-25 15:00:00+00:00,2002.7109166666667
2023-04-25 16:00:00+00:00,2190.127233333333
2023-04-25 17:00:00+00:00,958.9816666666667
2023-04-25 18:00:00+00:00,240.28271666666666
2023-04-25 19:00:00+00:00,0.0803
2023-04-25 20:00:00+00:00,0.0
2023-04-25 21:00:00+00:00,0.0
2023-04-25 22:00:00+00:00,0.0
2023-04-25 23:00:00+00:00,0.0
2023-04-26 00:00:00+00:00,0.0
2023-04-26 01:00:00+00:00,0.0
2023-04-26 02:00:00+00:00,0.0
2023-04-26 03:00:00+00:00,0.0
2023-04-26 04:00:00+00:00,0.0
2023-04-26 05:00:00+00:00,257.77215
2023-04-26 06:00:00+00:00,1201.2261
2023-04-26 07:00:00+00:00,3092.641666666667
2023-04-26 08:00:00+00:00,2092.1324166666664
2023-04-26 09:00:00+00:00,1517.1226333333334
2023-04-26 10:00:00+00:00,2176.21945
2023-04-26 11:00:00+00:00,2053.2205333333336
2023-04-26 12:00:00+00:00,3619.2433333333333
2023-04-26 13:00:00+00:00,5098.013933333334
2023-04-26 14:00:00+00:00,3584.0343666666668
2023-04-26 15:00:00+00:00,2069.6381833333335
2023-04-26 16:00:00+00:00,817.5813333333333
2023-04-26 17:00:00+00:00,480.2674166666667
2023-04-26 18:00:00+00:00,89.00839344262295
2023-04-26 19:00:00+00:00,0.0
2023-04-26 20:00:00+00:00,0.0
2023-04-26 21:00:00+00:00,0.0
2023-04-26 22:00:00+00:00,0.0
2023-04-26 23:00:00+00:00,0.0
2023-04-27 00:00:00+00:00,0.0
2023-04-27 01:00:00+00:00,0.0
2023-04-27 02:00:00+00:00,0.0
2023-04-27 03:00:00+00:00,0.0
2023-04-27 04:00:00+00:00,21.760733333333334
2023-04-27 05:00:00+00:00,645.3671666666667
2023-04-27 06:00:00+00:00,1764.4889333333333
2023-04-27 07:00:00+00:00,1978.7156666666667
2023-04-27 08:00:00+00:00,2377.7867499999998
2023-04-27 09:00:00+00:00,4828.894066666666
2023-04-27 10:00:00+00:00,8183.06195
2023-04-27 11:00:00+00:00,7324.7503606557375
2023-04-27 12:00:00+00:00,3518.214016666667
2023-04-27 13:00:00+00:00,2644.462116666667
2023-04-27 14:00:00+00:00,1071.9680666666668
2023-04-27 15:00:00+00:00,716.8499333333333
2023-04-27 16:00:00+00:00,843.5591833333333
2023-04-27 17:00:00+00:00,147.89898333333335
2023-04-27 18:00:00+00:00,21.02445
2023-04-27 19:00:00+00:00,0.0
2023-04-27 20:00:00+00:00,0.0
2023-04-27 21:00:00+00:00,0.0
2023-04-27 22:00:00+00:00,0.0
2023-04-27 23:00:00+00:00,0.0
2023-04-28 00:00:00+00:00,0.0
2023-04-28 01:00:00+00:00,0.0
2023-04-28 02:00:00+00:00,0.0
2023-04-28 03:00:00+00:00,0.0
2023-04-28 04:00:00+00:00,0.0
2023-04-28 05:00:00+00:00,347.00303333333335
2023-04-28 06:00:00+00:00,860.5912333333333
2023-04-28 07:00:00+00:00,2996.3960666666667
2023-04-28 08:00:00+00:00,1923.7816333333333
2023-04-28 09:00:00+00:00,4926.519816666667
2023-04-28 10:00:00+00:00,2965.621866666667
2023-04-28 11:00:00+00:00,1528.742
2023-04-28 12:00:00+00:00,1757.5933833333333
2023-04-28 13:00:00+00:00,2866.0607333333332
2023-04-28 14:00:00+00:00,2876.05595
2023-04-28 15:00:00+00:00,2012.04165
2023-04-28 16:00:00+00:00,1103.3137333333332
2023-04-28 17:00:00+00:00,679.2124833333334
2023-04-28 18:00:00+00:00,100.70036666666667
2023-04-28 19:00:00+00:00,1.1286833333333335
2023-04-28 20:00:00+00:00,0.0
2023-04-28 21:00:00+00:00,0.0
2023-04-28 22:00:00+00:00,0.0
2023-04-28 23:00:00+00:00,0.0
2023-04-29 00:00:00+00:00,0.0
2023-04-29 01:00:00+00:00,0.0
2023-04-29 02:00:00+00:00,0.0
2023-04-29 03:00:00+00:00,0.0
2023-04-29 04:00:00+00:00,0.26363333333333333
2023-04-29 05:00:00+00:00,206.27041666666668
2023-04-29 06:00:00+00:00,1376.36175
2023-04-29 07:00:00+00:00,2383.2947166666663
2023-04-29 08:00:00+00:00,5739.601616666667
2023-04-29 09:00:00+00:00,7674.207966666667
2023-04-29 10:00:00+00:00,8798.145199999999
2023-04-29 11:00:00+00:00,9140.353472727273
2023-04-29 12:00:00+00:00,8669.595276595745
2023-04-29 13:00:00+00:00,6068.956032786886
2023-04-29 14:00:00+00:00,5321.373250000001
2023-04-29 15:00:00+00:00,5003.216266666667
2023-04-29 16:00:00+00:00,2623.5981166666666
2023-04-29 17:00:00+00:00,850.46735
2023-04-29 18:00:00+00:00,222.21436666666665
2023-04-29 19:00:00+00:00,3.242033333333333
2023-04-29 20:00:00+00:00,0.0
2023-04-29 21:00:00+00:00,0.0
2023-04-29 22:00:00+00:00,0.0
2023-04-29 23:00:00+00:00,0.0
2023-04-30 00:00:00+00:00,0.0
2023-04-30 01:00:00+00:00,0.0
2023-04-30 02:00:00+00:00,0.0
2023-04-30 03:00:00+00:00,0.0
2023-04-30 04:00:00+00:00,29.339366666666667
2023-04-30 05:00:00+00:00,732.9269666666667
2023-04-30 06:00:00+00:00,2103.845426229508
2023-04-30 07:00:00+00:00,4296.078483333334
2023-04-30 08:00:00+00:00,6636.75075
2023-04-30 09:00:00+00:00,7578.7866
2023-04-30 10:00:00+00:00,8053.527533333333
2023-04-30 11:00:00+00:00,7075.5169000000005
2023-04-30 12:00:00+00:00,6544.841133333333
2023-04-30 13:00:00+00:00,5655.955816666667
2023-04-30 14:00:00+00:00,4637.451416666667
2023-04-30 15:00:00+00:00,3063.716966666667
2023-04-30 16:00:00+00:00,2024.1781166666667
2023-04-30 17:00:00+00:00,1064.2864166666666
2023-04-30 18:00:00+00:00,299.85153333333335
2023-04-30 19:00:00+00:00,1.21765
2023-04-30 20:00:00+00:00,0.0
2023-04-30 21:00:00+00:00,0.0
2023-04-30 22:00:00+00:00,0.0
2023-04-30 23:00:00+00:00,0.0
2023-05-01 00:00:00+00:00,0.0
2023-05-01 01:00:00+00:00,0.0
2023-05-01 02:00:00+00:00,0.0
2023-05-01 03:00:00+00:00,0.0
2023-05-01 04:00:00+00:00,13.175883333333333
2023-05-01 05:00:00+00:00,287.8561833333333
2023-05-01 06:00:00+00:00,1130.79765
2023-05-01 07:00:00+00:00,933.5714333333333
2023-05-01 08:00:00+00:00,2818.2848166666668
2023-05-01 09:00:00+00:00,2863.7369000000003
2023-05-01 10:00:00+00:00,3925.1865833333336
2023-05-01 11:00:00+00:00,6964.316016666667
2023-05-01 12:00:00+00:00,4231.8644
2023-05-01 13:00:00+00:00,3373.5246666666667
2023-05-01 14:00:00+00:00,2277.03725
2023-05-01 15:00:00+00:00,2077.6295409836066
2023-05-01 16:00:00+00:00,1573.1467
2023-05-01 17:00:00+00:00,1165.08165
2023-05-01 18:00:00+00:00,219.79201666666668
2023-05-01 19:00:00+00:00,5.137366666666667
2023-05-01 20:00:00+00:00,0.0
2023-05-01 21:00:00+00:00,0.0
2023-05-01 22:00:00+00:00,0.0
2023-05-01 23:00:00+00:00,0.0
2023-05-02 00:00:00+00:00,0.0
2023-05-02 01:00:00+00:00,0.0
2023-05-02 02:00:00+00:00,0.0
2023-05-02 03:00:00+00:00,0.0
2023-05-02 04:00:00+00:00,2.6666666666666665
2023-05-02 05:00:00+00:00,129.27214893617023
2023-05-02 06:00:00+00:00,546.8137833333333
2023-05-02 07:00:00+00:00,1835.3755166666667
2023-05-02 08:00:00+00:00,2700.0885737704916
2023-05-02 09:00:00+00:00,4839.209283333334
2023-05-02 10:00:00+00:00,6143.137316666666
2023-05-02 11:00:00+00:00,6393.889416666667
2023-05-02 12:00:00+00:00,6943.359233333334
2023-05-02 13:00:00+00:00,6757.849
2023-05-02 14:00:00+00:00,6693.624483333333
2023-05-02 15:00:00+00:00,4751.042533333334
2023-05-02 16:00:00+00:00,2520.46385
2023-05-02 17:00:00+00:00,867.4949166666667
2023-05-02 18:00:00+00:00,312.25243333333333
2023-05-02 19:00:00+00:00,5.7437000000000005
2023-05-02 20:00:00+00:00,0.0
2023-05-02 21:00:00+00:00,0.0
2023-05-02 22:00:00+00:00,0.0
2023-05-02 23:00:00+00:00,0.0
2023-05-03 00:00:00+00:00,0.0
2023-05-03 01:00:00+00:00,0.0
2023-05-03 02:00:00+00:00,0.0
2023-05-03 03:00:00+00:00,0.0
2023-05-03 04:00:00+00:00,38.10098333333334
2023-05-03 05:00:00+00:00,907.467
2023-05-03 06:00:00+00:00,2398.1921666666667
2023-05-03 07:00:00+00:00,4673.70035
2023-05-03 08:00:00+00:00,6585.136633333333
2023-05-03 09:00:00+00:00,7400.005433333334
2023-05-03 10:00:00+00:00,7542.597766666667
2023-05-03 11:00:00+00:00,6708.1971
2023-05-03 12:00:00+00:00,8104.614833333334
2023-05-03 13:00:00+00:00,8001.76865
2023-05-03 14:00:00+00:00,6757.833549999999
2023-05-03 15:00:00+00:00,5256.227866666667
2023-05-03 16:00:00+00:00,2830.8831999999998
2023-05-03 17:00:00+00:00,1157.980131147541
2023-05-03 18:00:00+00:00,383.57411666666667
2023-05-03 19:00:00+00:00,17.09065
2023-05-03 20:00:00+00:00,0.0
2023-05-03 21:00:00+00:00,0.0
2023-05-03 22:00:00+00:00,0.0
2023-05-03 23:00:00+00:00,0.0
2023-05-04 00:00:00+00:00,0.0
2023-05-04 01:00:00+00:00,0.0
2023-05-04 02:00:00+00:00,0.0
2023-05-04 03:00:00+00:00,0.0
2023-05-04 04:00:00+00:00,45.799099999999996
2023-05-04 05:00:00+00:00,701.6730666666666
2023-05-04 06:00:00+00:00,1943.2543333333333
2023-05-04 07:00:00+00:00,3388.8968833333333
2023-05-04 08:00:00+00:00,6672.736033333334
2023-05-04 09:00:00+00:00,7677.677933333333
2023-05-04 10:00:00+00:00,7500.470754098361
2023-05-04 11:00:00+00:00,5505.1997
2023-05-04 12:00:00+00:00,4868.6299500000005
2023-05-04 13:00:00+00:00,5374.072116666666
2023-05-04 14:00:00+00:00,4264.931483333333
2023-05-04 15:00:00+00:00,3301.571933333333
2023-05-04 16:00:00+00:00,2336.8981833333332
2023-05-04 17:00:00+00:00,942.56435
2023-05-04 18:00:00+00:00,214.49868333333333
2023-05-04 19:00:00+00:00,5.814266666666667
2023-05-04 20:00:00+00:00,0.0
2023-05-04 21:00:00+00:00,0.0
2023-05-04 22:00:00+00:00,0.0
2023-05-04 23:00:00+00:00,0.0
2023-05-05 00:00:00+00:00,0.0
2023-05-05 01:00:00+00:00,0.0
2023-05-05 02:00:00+00:00,0.0
2023-05-05 03:00:00+00:00,0.0
2023-05-05 04:00:00+00:00,7.750299999999999
2023-05-05 05:00:00+00:00,461.27955000000003
2023-05-05 06:00:00+00:00,1155.3065833333335
2023-05-05 07:00:00+00:00,1582.4949333333332
2023-05-05 08:00:00+00:00,2019.52735
2023-05-05 09:00:00+00:00,4552.944366666667
2023-05-05 10:00:00+00:00,5498.639816666667
2023-05-05 11:00:00+00:00,5535.676366666667
2023-05-05 12:00:00+00:00,5729.3597
2023-05-05 13:00:00+00:00,6179.876316666667
2023-05-05 14:00:00+00:00,6040.528183333333
2023-05-05 15:00:00+00:00,3631.1718333333333
2023-05-05 16:00:00+00:00,2560.939983333333
2023-05-05 17:00:00+00:00,1220.3551166666666
2023-05-05 18:00:00+00:00,275.3314833333333
2023-05-05 19:00:00+00:00,11.060131147540984
2023-05-05 20:00:00+00:00,0.0
2023-05-05 21:00:00+00:00,0.0
2023-05-05 22:00:00+00:00,0.0
2023-05-05 23:00:00+00:00,0.0
2023-05-06 00:00:00+00:00,0.0
2023-05-06 01:00:00+00:00,0.0
2023-05-06 02:00:00+00:00,0.0
2023-05-06 03:00:00+00:00,0.0
2023-05-06 04:00:00+00:00,5.387133333333334
2023-05-06 05:00:00+00:00,425.9222
2023-05-06 06:00:00+00:00,1338.5124166666667
2023-05-06 07:00:00+00:00,1956.40275
2023-05-06 08:00:00+00:00,2320.691
2023-05-06 09:00:00+00:00,2138.9632333333334
2023-05-06 10:00:00+00:00,2780.4360833333335
2023-05-06 11:00:00+00:00,2460.0350666666664
2023-05-06 12:00:00+00:00,1617.4354918032786
2023-05-06 13:00:00+00:00,1736.6552000000001
2023-05-06 14:00:00+00:00,937.7434333333333
2023-05-06 15:00:00+00:00,959.3389666666667
2023-05-06 16:00:00+00:00,587.6184833333333
2023-05-06 17:00:00+00:00,345.4019833333333
2023-05-06 18:00:00+00:00,124.97211666666666
2023-05-06 19:00:00+00:00,12.382200000000001
2023-05-06 20:00:00+00:00,0.0
2023-05-06 21:00:00+00:00,0.0
2023-05-06 22:00:00+00:00,0.0
2023-05-06 23:00:00+00:00,0.0
2023-05-07 00:00:00+00:00,0.0
2023-05-07 01:00:00+00:00,0.0
2023-05-07 02:00:00+00:00,0.0
2023-05-07 03:00:00+00:00,0.0
2023-05-07 04:00:00+00:00,0.0
2023-05-07 05:00:00+00:00,134.87218333333334
2023-05-07 06:00:00+00:00,600.8019499999999
2023-05-07 07:00:00+00:00,897.5974666666666
2023-05-07 08:00:00+00:00,1173.3860333333332
2023-05-07 09:00:00+00:00,1974.3099
2023-05-07 10:00:00+00:00,1950.3307833333333
2023-05-07 11:00:00+00:00,5242.655400000001
2023-05-07 12:00:00+00:00,5399.123322033898
2023-05-07 13:00:00+00:00,5591.279966666667
2023-05-07 14:00:00+00:00,2960.1011
2023-05-07 15:00:00+00:00,4136.961083333334
2023-05-07 16:00:00+00:00,2766.3118833333333
2023-05-07 17:00:00+00:00,934.37415
2023-05-07 18:00:00+00:00,211.7057
2023-05-07 19:00:00+00:00,9.660416666666666
2023-05-07 20:00:00+00:00,0.0
2023-05-07 21:00:00+00:00,0.0
2023-05-07 22:00:00+00:00,0.0
2023-05-07 23:00:00+00:00,0.0
2023-05-08 00:00:00+00:00,0.0
2023-05-08 01:00:00+00:00,0.0
2023-05-08 02:00:00+00:00,0.0
2023-05-08 03:00:00+00:00,0.0
2023-05-08 04:00:00+00:00,164.80586666666667
2023-05-08 05:00:00+00:00,1100.2238499999999
2023-05-08 06:00:00+00:00,1583.97625
2023-05-08 07:00:00+00:00,2982.8261666666667
2023-05-08 08:00:00+00:00,3089.9550833333333
2023-05-08 09:00:00+00:00,4195.147633333333
2023-05-08 10:00:00+00:00,3235.737566666666
2023-05-08 11:00:00+00:00,3984.6965333333333
2023-05-08 12:00:00+00:00,2610.4980333333338
2023-05-08 13:00:00+00:00,3565.609033333333
2023-05-08 14:00:00+00:00,4396.635229508197
2023-05-08 15:00:00+00:00,1715.1004500000001
2023-05-08 16:00:00+00:00,663.3192
2023-05-08 17:00:00+00:00,251.63018333333332
2023-05-08 18:00:00+00:00,101.6341
2023-05-08 19:00:00+00:00,0.0
2023-05-08 20:00:00+00:00,0.0
2023-05-08 21:00:00+00:00,0.0
2023-05-08 22:00:00+00:00,0.0
2023-05-08 23:00:00+00:00,0.0
2023-05-09 00:00:00+00:00,0.0
2023-05-09 01:00:00+00:00,0.0
2023-05-09 02:00:00+00:00,0.0
2023-05-09 03:00:00+00:00,0.0
2023-05-09 04:00:00+00:00,39.555416666666666
2023-05-09 05:00:00+00:00,533.1417
2023-05-09 06:00:00+00:00,1021.7201475409836
2023-05-09 07:00:00+00:00,1045.8326
2023-05-09 08:00:00+00:00,2228.5099666666665
2023-05-09 09:00:00+00:00,4533.0616
2023-05-09 10:00:00+00:00,3253.5868666666665
2023-05-09 11:00:00+00:00,5135.486716666666
2023-05-09 12:00:00+00:00,5357.146733333333
2023-05-09 13:00:00+00:00,3451.3164333333334
2023-05-09 14:00:00+00:00,3471.83305
2023-05-09 15:00:00+00:00,2296.1092999999996
2023-05-09 16:00:00+00:00,584.7948666666667
2023-05-09 17:00:00+00:00,404.58906666666667
2023-05-09 18:00:00+00:00,56.64138333333334
2023-05-09 19:00:00+00:00,0.0
2023-05-09 20:00:00+00:00,0.0
2023-05-09 21:00:00+00:00,0.0
2023-05-09 22:00:00+00:00,0.0
2023-05-09 23:00:00+00:00,0.0
2023-05-10 00:00:00+00:00,0.0
2023-05-10 01:00:00+00:00,0.0
2023-05-10 02:00:00+00:00,0.1875
2023-05-10 03:00:00+00:00,0.0
2023-05-10 04:00:00+00:00,46.868566666666666
2023-05-10 05:00:00+00:00,455.17263333333335
2023-05-10 06:00:00+00:00,2427.2588333333333
2023-05-10 07:00:00+00:00,3783.052
2023-05-10 08:00:00+00:00,5756.924499999999
2023-05-10 09:00:00+00:00,7690.807666666667
2023-05-10 10:00:00+00:00,7304.79775
2023-05-10 11:00:00+00:00,6174.961066666667
2023-05-10 12:00:00+00:00,8839.4565
2023-05-10 13:00:00+00:00,5084.747083333334
2023-05-10 14:00:00+00:00,3468.6371999999997
2023-05-10 15:00:00+00:00,2545.2255166666664
2023-05-10 16:00:00+00:00,2560.8345409836065
2023-05-10 17:00:00+00:00,250.41171666666665
2023-05-10 18:00:00+00:00,304.9629833333333
2023-05-10 19:00:00+00:00,19.46125
2023-05-10 20:00:00+00:00,0.0
2023-05-10 21:00:00+00:00,0.0
2023-05-10 22:00:00+00:00,0.0
2023-05-10 23:00:00+00:00,0.0
2023-05-11 00:00:00+00:00,0.0
2023-05-11 01:00:00+00:00,0.0
2023-05-11 02:00:00+00:00,0.0
2023-05-11 03:00:00+00:00,0.0
2023-05-11 04:00:00+00:00,106.59408333333333
2023-05-11 05:00:00+00:00,1288.2555166666668
2023-05-11 06:00:00+00:00,1611.2945
2023-05-11 07:00:00+00:00,2109.2868333333336
2023-05-11 08:00:00+00:00,5255.410426229509
2023-05-11 09:00:00+00:00,3009.0933166666664
2023-05-11 10:00:00+00:00,2552.3221
2023-05-11 11:00:00+00:00,3464.3477166666667
2023-05-11 12:00:00+00:00,2124.3000333333334
2023-05-11 13:00:00+00:00,3044.9513666666667
2023-05-11 14:00:00+00:00,1189.5909
2023-05-11 15:00:00+00:00,1095.7989166666666
2023-05-11 16:00:00+00:00,2388.19775
2023-05-11 17:00:00+00:00,1677.8875166666667
2023-05-11 18:00:00+00:00,344.1119166666667
2023-05-11 19:00:00+00:00,22.15215
2023-05-11 20:00:00+00:00,0.0
2023-05-11 21:00:00+00:00,0.0
2023-05-11 22:00:00+00:00,0.0
2023-05-11 23:00:00+00:00,0.0
2023-05-12 00:00:00+00:00,0.0
2023-05-12 01:00:00+00:00,0.0
2023-05-12 02:00:00+00:00,0.0
2023-05-12 03:00:00+00:00,0.0
2023-05-12 04:00:00+00:00,20.495316666666668
2023-05-12 05:00:00+00:00,167.01628333333335
2023-05-12 06:00:00+00:00,590.7550833333333
2023-05-12 07:00:00+00:00,2465.0437333333334
2023-05-12 08:00:00+00:00,3806.6421666666665
2023-05-12 09:00:00+00:00,1723.3919166666667
2023-05-12 10:00:00+00:00,803.8321166666667
2023-05-12 11:00:00+00:00,390.60845
2023-05-12 12:00:00+00:00,491.50905
2023-05-12 13:00:00+00:00,391.9351666666667
2023-05-12 14:00:00+00:00,198.12786666666668
2023-05-12 15:00:00+00:00,372.6395333333333
2023-05-12 16:00:00+00:00,361.63523333333336
2023-05-12 17:00:00+00:00,351.6537833333333
2023-05-12 18:00:00+00:00,40.672754098360656
2023-05-12 19:00:00+00:00,0.0
2023-05-12 20:00:00+00:00,0.0
2023-05-12 21:00:00+00:00,0.0
2023-05-12 22:00:00+00:00,0.0
2023-05-12 23:00:00+00:00,0.0
2023-05-13 00:00:00+00:00,0.0
2023-05-13 01:00:00+00:00,0.0
2023-05-13 02:00:00+00:00,0.0
2023-05-13 03:00:00+00:00,0.0
2023-05-13 04:00:00+00:00,5.793716666666667
2023-05-13 05:00:00+00:00,146.60366666666667
2023-05-13 06:00:00+00:00,474.22856666666667
2023-05-13 07:00:00+00:00,868.2471833333333
2023-05-13 08:00:00+00:00,1602.2534333333335
2023-05-13 09:00:00+00:00,2620.9244166666667
2023-05-13 10:00:00+00:00,4353.99355737705
2023-05-13 11:00:00+00:00,4705.2877
2023-05-13 12:00:00+00:00,5567.475833333333
2023-05-13 13:00:00+00:00,5417.134983333333
2023-05-13 14:00:00+00:00,3281.3612333333335
2023-05-13 15:00:00+00:00,3694.8741833333333
2023-05-13 16:00:00+00:00,2411.0949333333333
2023-05-13 17:00:00+00:00,1165.9390666666666
2023-05-13 18:00:00+00:00,346.9359666666667
2023-05-13 19:00:00+00:00,15.55595
2023-05-13 20:00:00+00:00,0.0
2023-05-13 21:00:00+00:00,0.0
2023-05-13 22:00:00+00:00,0.0
2023-05-13 23:00:00+00:00,0.0
2023-05-14 00:00:00+00:00,0.0
2023-05-14 01:00:00+00:00,0.0
2023-05-14 02:00:00+00:00,0.0
2023-05-14 03:00:00+00:00,0.0
2023-05-14 04:00:00+00:00,2.2125
2023-05-14 05:00:00+00:00,177.54406666666668
2023-05-14 06:00:00+00:00,526.4266166666667
2023-05-14 07:00:00+00:00,1374.6229166666667
2023-05-14 08:00:00+00:00,1878.0013333333334
2023-05-14 09:00:00+00:00,2667.936333333333
2023-05-14 10:00:00+00:00,6102.240650000001
2023-05-14 11:00:00+00:00,8703.875433333333
2023-05-14 12:00:00+00:00,8624.328783333334
2023-05-14 13:00:00+00:00,7444.68195
2023-05-14 14:00:00+00:00,6018.134866666666
2023-05-14 15:00:00+00:00,3219.9629
2023-05-14 16:00:00+00:00,2211.521483333333
2023-05-14 17:00:00+00:00,1482.9643666666666
2023-05-14 18:00:00+00:00,480.1408166666667
2023-05-14 19:00:00+00:00,39.87778333333333
2023-05-14 20:00:00+00:00,0.0
2023-05-14 21:00:00+00:00,0.0
2023-05-14 22:00:00+00:00,0.0
2023-05-14 23:00:00+00:00,0.0
2023-05-15 00:00:00+00:00,0.0
2023-05-15 01:00:00+00:00,0.0
2023-05-15 02:00:00+00:00,0.0
2023-05-15 03:00:00+00:00,0.0
2023-05-15 04:00:00+00:00,0.0
2023-05-15 05:00:00+00:00,293.59433333333334
2023-05-15 06:00:00+00:00,795.7019333333334
2023-05-15 07:00:00+00:00,3276.51885
2023-05-15 08:00:00+00:00,5981.96865
2023-05-15 09:00:00+00:00,7604.8155
2023-05-15 10:00:00+00:00,8525.673533333333
2023-05-15 11:00:00+00:00,6169.225583333333
2023-05-15 12:00:00+00:00,5464.699918032787
2023-05-15 13:00:00+00:00,5717.845316666667
2023-05-15 14:00:00+00:00,4092.7119000000002
2023-05-15 15:00:00+00:00,3812.8696
2023-05-15 16:00:00+00:00,2610.9718333333335
2023-05-15 17:00:00+00:00,1142.3000833333333
2023-05-15 18:00:00+00:00,501.7768666666667
2023-05-15 19:00:00+00:00,50.71156666666666
2023-05-15 20:00:00+00:00,0.0
2023-05-15 21:00:00+00:00,0.0
2023-05-15 22:00:00+00:00,0.0
2023-05-15 23:00:00+00:00,0.0
2023-05-16 00:00:00+00:00,0.0
2023-05-16 01:00:00+00:00,0.0
2023-05-16 02:00:00+00:00,0.0
2023-05-16 03:00:00+00:00,0.0
2023-05-16 04:00:00+00:00,106.96363333333333
2023-05-16 05:00:00+00:00,1192.3590655737705
2023-05-16 06:00:00+00:00,2514.609016666667
2023-05-16 07:00:00+00:00,4742.826933333333
2023-05-16 08:00:00+00:00,6627.99465
2023-05-16 09:00:00+00:00,7690.006166666667
2023-05-16 10:00:00+00:00,8097.999766666666
2023-05-16 11:00:00+00:00,7451.8224
2023-05-16 12:00:00+00:00,6149.393766666666
2023-05-16 13:00:00+00:00,7627.0033
2023-05-16 14:00:00+00:00,6501.921285714286
2023-05-16 15:00:00+00:00,2949.774593220339
2023-05-16 16:00:00+00:00,1427.8135
2023-05-16 17:00:00+00:00,920.4439500000001
2023-05-16 18:00:00+00:00,194.21855
2023-05-16 19:00:00+00:00,10.713750000000001
2023-05-16 20:00:00+00:00,0.0
2023-05-16 21:00:00+00:00,0.0
2023-05-16 22:00:00+00:00,0.0
2023-05-16 23:00:00+00:00,0.0
2023-05-17 00:00:00+00:00,0.0
2023-05-17 01:00:00+00:00,0.0
2023-05-17 02:00:00+00:00,0.0
2023-05-17 03:00:00+00:00,0.0
2023-05-17 04:00:00+00:00,90.61954999999999
2023-05-17 05:00:00+00:00,1179.1210500000002
2023-05-17 06:00:00+00:00,2560.74355
2023-05-17 07:00:00+00:00,4744.04195
2023-05-17 08:00:00+00:00,6642.28185
2023-05-17 09:00:00+00:00,7453.905316666667
2023-05-17 10:00:00+00:00,7076.127333333334
2023-05-17 11:00:00+00:00,6576.224633333333
2023-05-17 12:00:00+00:00,2213.82825
2023-05-17 13:00:00+00:00,3522.4433
2023-05-17 14:00:00+00:00,2191.189213114754
2023-05-17 15:00:00+00:00,1945.1694333333332
2023-05-17 16:00:00+00:00,1983.56405
2023-05-17 17:00:00+00:00,1042.7070333333334
2023-05-17 18:00:00+00:00,251.44443333333336
2023-05-17 19:00:00+00:00,44.218666666666664
2023-05-17 20:00:00+00:00,0.0
2023-05-17 21:00:00+00:00,0.0
2023-05-17 22:00:00+00:00,0.0
2023-05-17 23:00:00+00:00,0.0
2023-05-18 00:00:00+00:00,0.0
2023-05-18 01:00:00+00:00,0.0
2023-05-18 02:00:00+00:00,0.0
2023-05-18 03:00:00+00:00,0.0
2023-05-18 04:00:00+00:00,126.34835
2023-05-18 05:00:00+00:00,1150.7226999999998
2023-05-18 06:00:00+00:00,2434.3846
2023-05-18 07:00:00+00:00,4517.840655737706
2023-05-18 08:00:00+00:00,6101.6393
2023-05-18 09:00:00+00:00,7273.97045
2023-05-18 10:00:00+00:00,8521.85465
2023-05-18 11:00:00+00:00,8668.4214
2023-05-18 12:00:00+00:00,8392.815166666665
2023-05-18 13:00:00+00:00,7640.336716666667
2023-05-18 14:00:00+00:00,6437.6546499999995
2023-05-18 15:00:00+00:00,4864.44075
2023-05-18 16:00:00+00:00,2833.0714166666667
2023-05-18 17:00:00+00:00,1084.6430169491525
2023-05-18 18:00:00+00:00,344.39511666666664
2023-05-18 19:00:00+00:00,49.22743333333334
2023-05-18 20:00:00+00:00,0.0
2023-05-18 21:00:00+00:00,0.0
2023-05-18 22:00:00+00:00,0.0
2023-05-18 23:00:00+00:00,0.0
2023-05-19 00:00:00+00:00,0.0
2023-05-19 01:00:00+00:00,0.0
2023-05-19 02:00:00+00:00,0.0
2023-05-19 03:00:00+00:00,0.0
2023-05-19 04:00:00+00:00,242.81713333333335
2023-05-19 05:00:00+00:00,1095.2442833333334
2023-05-19 06:00:00+00:00,1822.8513833333334
2023-05-19 07:00:00+00:00,3432.6306666666665
2023-05-19 08:00:00+00:00,3733.683766666667
2023-05-19 09:00:00+00:00,4224.608366666666
2023-05-19 10:00:00+00:00,3016.19565
2023-05-19 11:00:00+00:00,2770.693866666667
2023-05-19 12:00:00+00:00,3709.8588499999996
2023-05-19 13:00:00+00:00,6555.053166666667
2023-05-19 14:00:00+00:00,5529.034750000001
2023-05-19 15:00:00+00:00,4986.053416666667
2023-05-19 16:00:00+00:00,2875.283295081967
2023-05-19 17:00:00+00:00,1071.8583833333332
2023-05-19 18:00:00+00:00,348.83208333333334
2023-05-19 19:00:00+00:00,55.107533333333336
2023-05-19 20:00:00+00:00,0.0
2023-05-19 21:00:00+00:00,0.0
2023-05-19 22:00:00+00:00,0.0
2023-05-19 23:00:00+00:00,0.0
2023-05-20 00:00:00+00:00,0.0
2023-05-20 01:00:00+00:00,0.0
2023-05-20 02:00:00+00:00,0.0
2023-05-20 03:00:00+00:00,0.0
2023-05-20 04:00:00+00:00,17.233216666666667
2023-05-20 05:00:00+00:00,253.60426666666666
2023-05-20 06:00:00+00:00,585.0781333333333
2023-05-20 07:00:00+00:00,1242.6335166666665
2023-05-20 08:00:00+00:00,2590.1025999999997
2023-05-20 09:00:00+00:00,5814.3734262295075
2023-05-20 10:00:00+00:00,8266.105616666666
2023-05-20 11:00:00+00:00,8863.9951
2023-05-20 12:00:00+00:00,8846.544750000001
2023-05-20 13:00:00+00:00,8025.389866666666
2023-05-20 14:00:00+00:00,6699.933733333333
2023-05-20 15:00:00+00:00,5034.606733333333
2023-05-20 16:00:00+00:00,2885.6142000000004
2023-05-20 17:00:00+00:00,1040.9157966101695
2023-05-20 18:00:00+00:00,311.95163333333335
2023-05-20 19:00:00+00:00,55.0779
2023-05-20 20:00:00+00:00,0.0
2023-05-20 21:00:00+00:00,0.0
2023-05-20 22:00:00+00:00,0.0
2023-05-20 23:00:00+00:00,0.0
2023-05-21 00:00:00+00:00,0.0
2023-05-21 01:00:00+00:00,0.0
2023-05-21 02:00:00+00:00,0.0
2023-05-21 03:00:00+00:00,0.0
2023-05-21 04:00:00+00:00,148.56845
2023-05-21 05:00:00+00:00,1235.1113333333333
2023-05-21 06:00:00+00:00,2637.5618666666664
2023-05-21 07:00:00+00:00,4868.683516666667
2023-05-21 08:00:00+00:00,5642.140833333334
2023-05-21 09:00:00+00:00,5360.156816666667
2023-05-21 10:00:00+00:00,6107.994866666666
2023-05-21 11:00:00+00:00,4841.561116666667
2023-05-21 12:00:00+00:00,2664.16595
2023-05-21 13:00:00+00:00,2836.5267833333332
2023-05-21 14:00:00+00:00,3339.474616666667
2023-05-21 15:00:00+00:00,2912.8497333333335
2023-05-21 16:00:00+00:00,971.6681166666666
2023-05-21 17:00:00+00:00,1051.2507666666668
2023-05-21 18:00:00+00:00,448.9457213114754
2023-05-21 19:00:00+00:00,62.468399999999995
2023-05-21 20:00:00+00:00,0.0
2023-05-21 21:00:00+00:00,0.0
2023-05-21 22:00:00+00:00,0.0
2023-05-21 23:00:00+00:00,0.0
2023-05-22 00:00:00+00:00,0.0
2023-05-22 01:00:00+00:00,0.0
2023-05-22 02:00:00+00:00,0.0
2023-05-22 03:00:00+00:00,0.0
2023-05-22 04:00:00+00:00,102.54748333333333
2023-05-22 05:00:00+00:00,721.6467666666666
2023-05-22 06:00:00+00:00,1599.7424333333333
2023-05-22 07:00:00+00:00,3380.8191
2023-05-22 08:00:00+00:00,2391.7295833333333
2023-05-22 09:00:00+00:00,2302.8227833333335
2023-05-22 10:00:00+00:00,5468.715583333334
2023-05-22 11:00:00+00:00,4314.770754098361
2023-05-22 12:00:00+00:00,3414.9186666666665
2023-05-22 13:00:00+00:00,5292.8275
2023-05-22 14:00:00+00:00,4716.402883333333
2023-05-22 15:00:00+00:00,4288.2395166666665
2023-05-22 16:00:00+00:00,1873.4549333333334
2023-05-22 17:00:00+00:00,917.9821
2023-05-22 18:00:00+00:00,480.84385000000003
2023-05-22 19:00:00+00:00,60.864799999999995
2023-05-22 20:00:00+00:00,0.0
2023-05-22 21:00:00+00:00,0.0
2023-05-22 22:00:00+00:00,0.0
2023-05-22 23:00:00+00:00,0.0
2023-05-23 00:00:00+00:00,0.0
2023-05-23 01:00:00+00:00,0.0
2023-05-23 02:00:00+00:00,0.0
2023-05-23 03:00:00+00:00,0.0
2023-05-23 04:00:00+00:00,150.92488524590163
2023-05-23 05:00:00+00:00,967.1787666666667
2023-05-23 06:00:00+00:00,2575.8045166666666
2023-05-23 07:00:00+00:00,4072.7987333333335
2023-05-23 08:00:00+00:00,4978.26475
2023-05-23 09:00:00+00:00,4034.9236333333333
2023-05-23 10:00:00+00:00,6663.765783333333
2023-05-23 11:00:00+00:00,7161.405516666667
2023-05-23 12:00:00+00:00,8026.023066666667
2023-05-23 13:00:00+00:00,7816.053533333334
2023-05-23 14:00:00+00:00,4093.72615
2023-05-23 15:00:00+00:00,4567.563033333334
2023-05-23 16:00:00+00:00,2794.7881333333335
2023-05-23 17:00:00+00:00,1123.2671833333334
2023-05-23 18:00:00+00:00,362.36896666666667
2023-05-23 19:00:00+00:00,49.169250000000005
2023-05-23 20:00:00+00:00,0.0
2023-05-23 21:00:00+00:00,0.0
2023-05-23 22:00:00+00:00,0.0
2023-05-23 23:00:00+00:00,0.0
2023-05-24 00:00:00+00:00,0.0
2023-05-24 01:00:00+00:00,0.0
2023-05-24 02:00:00+00:00,0.0
2023-05-24 03:00:00+00:00,0.0
2023-05-24 04:00:00+00:00,172.7422
2023-05-24 05:00:00+00:00,1189.1231333333335
2023-05-24 06:00:00+00:00,2267.6541166666666
2023-05-24 07:00:00+00:00,4637.6749
2023-05-24 08:00:00+00:00,6559.41705
2023-05-24 09:00:00+00:00,7827.1354833333335
2023-05-24 10:00:00+00:00,8514.00035
2023-05-24 11:00:00+00:00,8503.523866666666
2023-05-24 12:00:00+00:00,6568.290283333334
2023-05-24 13:00:00+00:00,4853.212803278688
2023-05-24 14:00:00+00:00,4601.330666666667
2023-05-24 15:00:00+00:00,3946.2326000000003
2023-05-24 16:00:00+00:00,2744.7634833333336
2023-05-24 17:00:00+00:00,1126.3654333333334
2023-05-24 18:00:00+00:00,492.6807166666667
2023-05-24 19:00:00+00:00,91.49078333333334
2023-05-24 20:00:00+00:00,0.0
2023-05-24 21:00:00+00:00,0.0
2023-05-24 22:00:00+00:00,0.0
2023-05-24 23:00:00+00:00,0.0
2023-05-25 00:00:00+00:00,0.0
2023-05-25 01:00:00+00:00,0.0
2023-05-25 02:00:00+00:00,0.0
2023-05-25 03:00:00+00:00,0.0
2023-05-25 04:00:00+00:00,83.04078333333334
2023-05-25 05:00:00+00:00,787.7951833333334
2023-05-25 06:00:00+00:00,2351.0211475409837
2023-05-25 07:00:00+00:00,4703.127583333334
2023-05-25 08:00:00+00:00,7004.325466666666
2023-05-25 09:00:00+00:00,6207.750733333333
2023-05-25 10:00:00+00:00,4771.073616666667
2023-05-25 11:00:00+00:00,5357.229166666667
2023-05-25 12:00:00+00:00,2793.968083333333
2023-05-25 13:00:00+00:00,3258.5072
2023-05-25 14:00:00+00:00,2775.692583333333
2023-05-25 15:00:00+00:00,4702.1784333333335
2023-05-25 16:00:00+00:00,2823.4627666666665
2023-05-25 17:00:00+00:00,1149.5762499999998
2023-05-25 18:00:00+00:00,404.06233333333336
2023-05-25 19:00:00+00:00,81.4409
2023-05-25 20:00:00+00:00,0.0
2023-05-25 21:00:00+00:00,0.0
2023-05-25 22:00:00+00:00,0.0
2023-05-25 23:00:00+00:00,0.0
2023-05-26 00:00:00+00:00,0.0
2023-05-26 01:00:00+00:00,0.0
2023-05-26 02:00:00+00:00,0.0
2023-05-26 03:00:00+00:00,0.0
2023-05-26 04:00:00+00:00,92.07528333333333
2023-05-26 05:00:00+00:00,536.31565
2023-05-26 06:00:00+00:00,1144.5015833333334
2023-05-26 07:00:00+00:00,2356.59395
2023-05-26 08:00:00+00:00,3897.190633333333
2023-05-26 09:00:00+00:00,6869.110016666667
2023-05-26 10:00:00+00:00,9066.805083333335
2023-05-26 11:00:00+00:00,9313.528683333334
2023-05-26 12:00:00+00:00,8991.533516666666
2023-05-26 13:00:00+00:00,8181.547083333334
2023-05-26 14:00:00+00:00,6906.2163
2023-05-26 15:00:00+00:00,5198.135065573771
2023-05-26 16:00:00+00:00,3051.5141
2023-05-26 17:00:00+00:00,1243.9477333333334
2023-05-26 18:00:00+00:00,650.9422333333333
2023-05-26 19:00:00+00:00,108.03338333333333
2023-05-26 20:00:00+00:00,0.0
2023-05-26 21:00:00+00:00,0.0
2023-05-26 22:00:00+00:00,0.0
2023-05-26 23:00:00+00:00,0.0
2023-05-27 00:00:00+00:00,0.0
2023-05-27 01:00:00+00:00,0.0
2023-05-27 02:00:00+00:00,0.0
2023-05-27 03:00:00+00:00,0.0
2023-05-27 04:00:00+00:00,160.13043333333331
2023-05-27 05:00:00+00:00,704.2527666666666
2023-05-27 06:00:00+00:00,1617.2680833333332
2023-05-27 07:00:00+00:00,3431.4740666666667
2023-05-27 08:00:00+00:00,6465.715393442623
2023-05-27 09:00:00+00:00,7119.7175
2023-05-27 10:00:00+00:00,8056.0794166666665
2023-05-27 11:00:00+00:00,9154.242816666667
2023-05-27 12:00:00+00:00,8725.728
2023-05-27 13:00:00+00:00,7939.567716666667
2023-05-27 14:00:00+00:00,6689.660999999999
2023-05-27 15:00:00+00:00,5115.661633333333
2023-05-27 16:00:00+00:00,3024.1349666666665
2023-05-27 17:00:00+00:00,1180.95115
2023-05-27 18:00:00+00:00,402.1757
2023-05-27 19:00:00+00:00,100.83725
2023-05-27 20:00:00+00:00,0.0
2023-05-27 21:00:00+00:00,0.0
2023-05-27 22:00:00+00:00,0.0
2023-05-27 23:00:00+00:00,0.0
2023-05-28 00:00:00+00:00,0.0
2023-05-28 01:00:00+00:00,0.0
2023-05-28 02:00:00+00:00,0.0
2023-05-28 03:00:00+00:00,0.0
2023-05-28 04:00:00+00:00,142.47258333333332
2023-05-28 05:00:00+00:00,621.9181833333333
2023-05-28 06:00:00+00:00,1168.7034333333334
2023-05-28 07:00:00+00:00,3593.9829
2023-05-28 08:00:00+00:00,6850.874366666667
2023-05-28 09:00:00+00:00,8064.9438
2023-05-28 10:00:00+00:00,8377.813883333332
2023-05-28 11:00:00+00:00,8357.22379661017
2023-05-28 12:00:00+00:00,8179.584400000001
2023-05-28 13:00:00+00:00,7592.309333333334
2023-05-28 14:00:00+00:00,6539.688883333333
2023-05-28 15:00:00+00:00,5041.6835
2023-05-28 16:00:00+00:00,2656.505583333333
2023-05-28 17:00:00+00:00,1239.438918032787
2023-05-28 18:00:00+00:00,485.53613333333334
2023-05-28 19:00:00+00:00,70.47399999999999
2023-05-28 20:00:00+00:00,0.0
2023-05-28 21:00:00+00:00,0.0
2023-05-28 22:00:00+00:00,0.0
2023-05-28 23:00:00+00:00,0.0
2023-05-29 00:00:00+00:00,0.0
2023-05-29 01:00:00+00:00,0.0
2023-05-29 02:00:00+00:00,0.0
2023-05-29 03:00:00+00:00,0.0
2023-05-29 04:00:00+00:00,133.27705
2023-05-29 05:00:00+00:00,643.55595
2023-05-29 06:00:00+00:00,1062.9083
2023-05-29 07:00:00+00:00,1760.8828166666667
2023-05-29 08:00:00+00:00,2639.971233333333
2023-05-29 09:00:00+00:00,6554.687166666667
2023-05-29 10:00:00+00:00,6897.491409836066
2023-05-29 11:00:00+00:00,3742.5012666666667
2023-05-29 12:00:00+00:00,8052.176516666667
2023-05-29 13:00:00+00:00,7941.65835
2023-05-29 14:00:00+00:00,6401.391066666666
2023-05-29 15:00:00+00:00,4606.50485
2023-05-29 16:00:00+00:00,2904.3116
2023-05-29 17:00:00+00:00,1322.6426833333333
2023-05-29 18:00:00+00:00,395.60229999999996
2023-05-29 19:00:00+00:00,98.99166666666666
2023-05-29 20:00:00+00:00,0.0
2023-05-29 21:00:00+00:00,0.0
2023-05-29 22:00:00+00:00,0.0
2023-05-29 23:00:00+00:00,0.0
2023-05-30 00:00:00+00:00,0.0
2023-05-30 01:00:00+00:00,0.0
2023-05-30 02:00:00+00:00,0.0
2023-05-30 03:00:00+00:00,0.0
2023-05-30 04:00:00+00:00,68.03096666666667
2023-05-30 05:00:00+00:00,400.2784833333333
2023-05-30 06:00:00+00:00,1120.2328333333332
2023-05-30 07:00:00+00:00,1994.9109166666667
2023-05-30 08:00:00+00:00,3173.1714333333334
2023-05-30 09:00:00+00:00,3389.5836666666664
2023-05-30 10:00:00+00:00,3116.2194499999996
2023-05-30 11:00:00+00:00,2889.589116666667
2023-05-30 12:00:00+00:00,5552.239366666667
2023-05-30 13:00:00+00:00,3277.437766666667
2023-05-30 14:00:00+00:00,2765.278283333333
2023-05-30 15:00:00+00:00,1613.0619666666666
2023-05-30 16:00:00+00:00,845.0005333333334
2023-05-30 17:00:00+00:00,675.0622999999999
2023-05-30 18:00:00+00:00,194.34193333333332
2023-05-30 19:00:00+00:00,6.8014426229508205
